"Time (s),""Gyroscope x (rad/s)"",""Gyroscope y (rad/s)"",""Gyroscope z (rad/s)"""
9.785438000E-3,5.612324551E-2,-1.285107732E-1,-1.158353239E-1
2.179743800E-2,5.612324551E-2,-1.285107732E-1,-1.158353239E-1
3.179743800E-2,5.612324551E-2,-1.285107732E-1,-1.158353239E-1
4.179743800E-2,5.612324551E-2,-1.285107732E-1,-1.158353239E-1
5.179743800E-2,-3.244458139E-1,-3.435353339E-1,-1.565342210E-2
6.179743800E-2,-3.647629023E-1,-3.667482138E-1,-1.015563495E-2
7.179743800E-2,-3.818671405E-1,-4.027892649E-1,3.283400787E-3
8.179743800E-2,-4.001930952E-1,-4.357759953E-1,2.222022414E-2
9.179743800E-2,-4.490623176E-1,-4.437172413E-1,2.649627998E-2
1.017974380E-1,-4.979315400E-1,-4.339433908E-1,1.794416644E-2
1.117974380E-1,-5.229769945E-1,-4.125631154E-1,2.038762718E-2
1.217974380E-1,-5.077053905E-1,-3.814089894E-1,1.672243699E-2
1.317974380E-1,-4.533383846E-1,-3.618612885E-1,3.283400787E-3
1.417974380E-1,-3.836997449E-1,-3.325397670E-1,-1.504255645E-2
1.517974380E-1,-3.342196345E-1,-2.946661115E-1,3.283400787E-3
1.617974380E-1,-2.462550551E-1,-3.887393773E-1,1.122464892E-2
1.717974380E-1,-1.729512215E-1,-4.712061882E-1,7.536549866E-2
1.817974380E-1,-1.472948790E-1,-5.597816110E-1,7.780896127E-2
1.917974380E-1,-1.424079537E-1,-6.843981743E-1,9.002626687E-2
2.017974380E-1,-1.546252668E-1,-8.499426246E-1,1.804343164E-1
2.117974380E-1,-2.083813995E-1,-9.470701814E-1,2.598468065E-1
2.217974380E-1,-3.317761719E-1,-1.042976022E0,3.166572750E-1
2.317974380E-1,-4.392884672E-1,-1.145601392E0,4.015675485E-1
2.417974380E-1,-4.496731758E-1,-1.305648088E0,4.876995385E-1
2.517974380E-1,-3.775910735E-1,-1.497459769E0,5.622251034E-1
2.617974380E-1,-2.908482254E-1,-1.604972124E0,5.726097822E-1
2.717974380E-1,-2.352594733E-1,-1.559157133E0,5.151884556E-1
2.817974380E-1,-1.723403633E-1,-1.389947534E0,3.936263025E-1
2.917974380E-1,-1.967749745E-1,-1.449812293E0,2.940552533E-1
3.017974380E-1,-1.399645060E-1,-1.279380918E0,2.030363381E-1
3.117974380E-1,-5.444336683E-2,-1.130940676E0,1.382846236E-1
3.217974380E-1,1.519527286E-2,-1.046030402E0,1.285107732E-1
3.317974380E-1,4.512767121E-2,-9.434050322E-1,1.309542358E-1
3.417974380E-1,3.718642145E-2,-7.485389709E-1,1.743256748E-1
3.517974380E-1,-2.023491077E-2,-5.322927237E-1,2.567924857E-1
3.617974380E-1,-9.353873879E-2,-3.325397670E-1,3.233767748E-1
3.717974380E-1,-1.515709460E-1,-4.360050708E-2,3.355940878E-1
3.817974380E-1,-1.711186320E-1,1.854739636E-1,2.922226489E-1
3.917974380E-1,-1.411862224E-1,3.742313087E-1,2.928335369E-1
4.017974380E-1,-9.170614183E-2,5.116760135E-1,3.313180506E-1
4.117974380E-1,-3.733913973E-2,5.678756237E-1,3.801872432E-1
4.217974380E-1,-2.695442922E-2,5.739842653E-1,3.704134226E-1
4.317974380E-1,-6.177374721E-2,4.609741867E-1,3.398701549E-1
4.417974380E-1,-6.116288155E-2,3.100904822E-1,3.368158340E-1
4.517974380E-1,-7.406740915E-3,3.589596748E-1,3.734677434E-1
4.617974380E-1,4.512767121E-2,5.733733773E-1,4.058435857E-1
4.717974380E-1,1.172097698E-1,6.876052022E-1,4.247804284E-1
4.817974380E-1,2.210568637E-1,7.285331488E-1,3.783546686E-1
4.917974380E-1,3.982077837E-1,7.749589086E-1,3.239876628E-1
5.017974380E-1,6.419430375E-1,7.242571115E-1,2.781727612E-1
5.117974380E-1,9.027824998E-1,6.314055920E-1,2.036471963E-1
5.217974710E-1,1.100091934E0,4.823544621E-1,1.682170182E-1
5.317974710E-1,1.173395753E0,3.058144152E-1,1.969276816E-1
5.417974710E-1,1.040838003E0,1.329395473E-1,3.465896547E-1
5.517974710E-1,7.323510647E-1,-5.703954399E-2,6.178138256E-1
5.617975040E-1,2.919172347E-1,-5.093089119E-2,8.169559240E-1
5.717975040E-1,-5.694027543E-1,7.212027907E-1,8.682686090E-1
5.817975040E-1,-1.003727913E0,9.246209264E-1,9.684504867E-1
5.917975040E-1,-8.497899175E-1,8.623126745E-1,1.144990563E0
6.017975040E-1,-7.007387877E-1,6.857725978E-1,1.000215530E0
6.117975040E-1,-5.803983212E-1,1.708131880E-1,5.628359914E-1
6.217975040E-1,-6.488152742E-1,-1.352302879E-1,1.871538460E-1
6.317975040E-1,-1.218752503E0,-1.040761694E-1,7.780896127E-2
6.417975040E-1,-1.069701433E0,-5.506186485E-1,-5.474879593E-2
6.517975040E-1,-6.989061832E-1,-3.612504303E-1,-1.573741585E-1
6.617975040E-1,-3.678172231E-1,-2.647337317E-1,-3.180317283E-1
6.717975040E-1,-1.107193250E-2,-2.598468065E-1,-4.426482320E-1
6.817975040E-1,2.070069611E-1,-1.016327068E-1,-4.469242990E-1
6.917975040E-1,1.825723499E-1,3.192534447E-1,-4.096615016E-1
7.017975040E-1,6.345362961E-2,6.924921274E-1,-5.006804466E-1
7.117975040E-1,1.019381359E-1,6.576728225E-1,-6.650031805E-1
7.217975040E-1,3.279582858E-1,2.673299015E-1,-7.700719833E-1
7.317975040E-1,3.737731576E-1,-3.093268871E-1,-6.723335385E-1
7.417975040E-1,1.495856196E-1,-4.589888752E-1,-4.817436039E-1
7.517975040E-1,-2.169335186E-1,-3.850741684E-1,-3.901138306E-1
7.617975040E-1,-4.313472211E-1,-1.993711442E-1,-3.931681514E-1
7.717975040E-1,-3.470478058E-1,-9.796751291E-2,-4.365395904E-1
7.817975040E-1,6.834054738E-2,-3.283400787E-3,-3.821725547E-1
7.917975040E-1,5.668066144E-1,-1.672243699E-2,-3.516293168E-1
8.017975040E-1,1.032896757E0,-1.401172131E-1,-3.895029426E-1
8.117975040E-1,1.415909290E0,-2.433534414E-1,-3.931681514E-1
8.217974700E-1,1.666974902E0,-2.757292986E-1,-3.497967124E-1
8.317974700E-1,1.764713287E0,-2.323578745E-1,-2.551125884E-1
8.417974700E-1,1.749441743E0,-6.253732741E-2,-1.042288840E-1
8.517974700E-1,1.653535843E0,-2.160935849E-2,7.964155823E-2
8.617974360E-1,1.455004692E0,8.933904581E-3,2.482403666E-1
8.717974360E-1,1.134300351E0,7.918340713E-2,3.410918713E-1
8.817974360E-1,8.734609485E-1,4.986187443E-2,3.936263025E-1
8.917974360E-1,7.109707594E-1,-1.450804994E-3,4.095087945E-1
9.017974360E-1,5.832999349E-1,-1.004109755E-1,4.498258829E-1
9.117974360E-1,5.044983625E-1,-1.254564524E-1,4.834234715E-1
9.217974360E-1,4.507421851E-1,1.931861416E-2,4.889212847E-1
9.317974360E-1,4.391357601E-1,8.345946670E-2,5.054146051E-1
9.417974360E-1,4.330270886E-1,9.934195876E-2,4.473824203E-1
9.517974360E-1,4.611268938E-1,2.447278947E-1,3.893502355E-1
9.617974360E-1,4.928919077E-1,3.974441886E-1,3.594178259E-1
9.717974360E-1,4.617377818E-1,4.200462103E-1,2.873357534E-1
9.817974360E-1,4.000403881E-1,2.789363563E-1,1.779908538E-1
9.917974360E-1,3.322343230E-1,8.162686974E-2,1.346194297E-1
1.001797436E0,1.648572534E-1,-5.337435007E-2,1.407280862E-1
1.011797436E0,-9.598220140E-2,-8.636107296E-2,1.315651089E-1
1.021797436E0,-3.201697469E-1,-3.016147204E-2,7.841982692E-2
1.031797436E0,-4.631122053E-1,2.115120925E-2,8.941540122E-2
1.041797436E0,-5.345834494E-1,9.995282441E-2,1.731039435E-1
1.051797436E0,-4.912120104E-1,9.628763795E-2,2.421317101E-1
1.061797436E0,-2.908482254E-1,1.259909570E-2,2.922226489E-1
1.071797436E0,-6.177374721E-2,-2.274709493E-1,2.989421785E-1
1.081797436E0,1.691333205E-1,-5.157993436E-1,3.368158340E-1
1.091797436E0,3.157409728E-1,-6.123160720E-1,4.925864637E-1
1.101797436E0,3.823252916E-1,-4.284456074E-1,6.935611367E-1
1.111797436E0,4.415792227E-1,-9.980010986E-2,7.796931267E-1
1.121797436E0,5.936846733E-1,1.213331074E-1,6.685156822E-1
1.131797436E0,9.718102217E-1,1.011745557E-1,4.516584873E-1
1.141797436E0,1.505095601E0,-3.627012298E-2,7.780896127E-2
1.151797436E0,1.812971711E0,-7.353290170E-2,-3.094795942E-1
1.161797369E0,1.492267489E0,1.015563495E-2,-5.593234897E-1
1.171797369E0,5.686391592E-1,-6.803511828E-2,-6.118578911E-1
1.181797369E0,-5.248095989E-1,-6.253732741E-2,-6.136904955E-1
1.191797369E0,-1.343369007E0,-9.491318464E-2,-5.135086179E-1
1.201797369E0,-1.645747304E0,-2.641228735E-1,-4.646393657E-1
1.211797369E0,-1.604819298E0,-3.282637000E-1,-4.860196710E-1
1.221797369E0,-1.304884553E0,-3.215442002E-1,-5.813146234E-1
1.231797369E0,-7.166212797E-1,-3.355940878E-1,-6.088035703E-1
1.241797369E0,-6.238461286E-2,-2.861140072E-1,-5.171737671E-1
1.251797369E0,4.495204687E-1,-1.413389444E-1,-3.394120038E-1
1.261797369E0,8.050440550E-1,-3.810271993E-2,-1.115592644E-1
1.271797369E0,7.384597063E-1,7.857254148E-2,1.828777790E-1
1.281797369E0,4.201989174E-1,1.378264725E-1,3.435353339E-1
1.291797369E0,1.196532324E-1,1.298852265E-1,4.205043614E-1
1.301797369E0,-7.826711237E-2,1.787544489E-1,4.278347492E-1
1.311797369E0,-6.238461286E-2,2.477822155E-1,3.911828399E-1
1.321797369E0,1.446987092E-1,2.911536396E-1,3.472005427E-1
1.331797369E0,4.519639313E-1,2.465604842E-1,2.897791862E-1
1.341797369E0,7.158576846E-1,8.895725012E-2,1.633300930E-1
1.351797369E0,7.769442201E-1,-1.855503209E-2,-2.359467000E-2
1.361797369E0,6.199518442E-1,2.176207490E-2,-2.111303061E-1
1.371797369E0,3.322343230E-1,1.524872333E-1,-3.797291219E-1
1.381797369E0,5.978843570E-2,2.551125884E-1,-5.416083932E-1
1.391797369E0,-1.259146035E-1,2.435061634E-1,-6.411794424E-1
1.401797369E0,-2.474767864E-1,1.292743534E-1,-6.692792177E-1
1.411797369E0,-3.568216562E-1,-3.993531689E-2,-6.729444265E-1
1.421797369E0,-4.460079968E-1,-3.019964993E-1,-6.845508814E-1
1.431797369E0,-4.863250852E-1,-5.665011406E-1,-6.515641212E-1
1.441797369E0,-5.064836740E-1,-6.947828531E-1,-5.312237144E-1
1.451797369E0,-5.070945024E-1,-6.813437939E-1,-4.029420018E-1
1.461797435E0,-4.686099887E-1,-5.921574831E-1,-2.599995136E-1
1.471797435E0,-4.484514594E-1,-4.644866586E-1,-9.934195876E-2
1.481797435E0,-4.686099887E-1,-3.526983261E-1,3.749185428E-2
1.491797435E0,-4.869359732E-1,-3.123812079E-1,1.621083617E-1
1.501797435E0,-5.278639197E-1,-3.038291037E-1,3.178789914E-1
1.511797435E0,-5.895613432E-1,-3.313180506E-1,4.528802335E-1
1.521797468E0,-6.530913115E-1,-4.058435857E-1,5.500078201E-1
1.531797468E0,-6.885215044E-1,-4.931973219E-1,6.685156822E-1
1.541797468E0,-6.659194827E-1,-4.986951053E-1,7.491498590E-1
1.553170114E0,-5.852852464E-1,-3.844633102E-1,8.303949237E-1
1.563170147E0,-4.930446148E-1,-1.963168234E-1,8.664360046E-1
1.573170147E0,-3.653737605E-1,7.429648191E-2,7.326564789E-1
1.583170147E0,-2.065488100E-1,3.907246888E-1,4.241695404E-1
1.593170147E0,-5.574145354E-3,7.230353951E-1,1.000291854E-2
1.603170147E0,5.795583874E-2,8.623126745E-1,-1.640936732E-1
1.613170147E0,-5.994115397E-2,6.008623242E-1,-4.314235970E-2
1.623170147E0,-4.063017368E-1,-3.627012298E-2,2.286926806E-1
1.633170147E0,-9.750173092E-1,-5.622251034E-1,4.846452177E-1
1.643170147E0,-1.252350092E0,-9.501245022E-1,5.304601192E-1
1.653170147E0,-1.102688074E0,-1.034423947E0,2.445751727E-1
1.663170147E0,-7.050148249E-1,-7.167739868E-1,-1.824196279E-1
1.673170147E0,-6.185010541E-3,-3.783546686E-1,-5.159520507E-1
1.683170147E0,8.300895095E-1,-2.488512248E-1,-6.680575013E-1
1.693170147E0,1.445230842E0,-2.201405615E-1,-6.637814641E-1
1.703170147E0,1.767767668E0,-9.246972948E-2,-5.935319662E-1
1.713170147E0,1.722563624E0,5.535966158E-2,-4.780784249E-1
1.723170147E0,1.397583365E0,6.452263892E-2,-3.149773777E-1
1.733170147E0,9.766971469E-1,4.497495294E-2,-1.213331074E-1
1.743170147E0,6.291148663E-1,9.140071273E-2,4.543310404E-2
1.753170147E0,4.250858426E-1,1.708131880E-1,1.840995103E-1
1.763170147E0,3.682753742E-1,2.178498209E-1,3.056617081E-1
1.773170147E0,4.556291103E-1,1.714240611E-1,4.082870483E-1
1.783170147E0,6.333909035E-1,3.092505224E-2,5.103015304E-1
1.793170147E0,7.848854661E-1,-3.504839167E-2,5.628359914E-1
1.803170147E0,8.117635250E-1,2.725986205E-2,5.616142154E-1
1.813170147E0,7.292967439E-1,1.549306959E-1,4.895321429E-1
1.823170113E0,5.710826516E-1,2.526691258E-1,3.966806233E-1
1.833170113E0,1.990657151E-1,3.565162420E-1,2.806162238E-1
1.843170113E0,-5.627596006E-2,3.522401750E-1,2.115884423E-1
1.853170113E0,-2.829069793E-1,3.021492362E-1,1.700496078E-1
1.863170079E0,-4.936554730E-1,2.288453877E-1,1.333976984E-1
1.873170079E0,-6.420957446E-1,1.237765700E-1,7.108944654E-2
1.883170079E0,-6.378196478E-1,-8.819366992E-2,-1.443169173E-2
1.893170079E0,-4.563927054E-1,-4.461607039E-1,-9.445504099E-2
1.903170079E0,-2.248747647E-1,-8.743772507E-1,-1.176679209E-1
1.913170079E0,-5.566509441E-2,-1.157818675E0,-8.773551881E-2
1.923170112E0,-1.908953884E-3,-1.231122494E0,-8.223773539E-2
1.933170112E0,-8.376489580E-2,-1.127275467E0,-1.011745557E-1
1.943170112E0,-2.633592784E-1,-8.737663627E-1,-1.506546438E-1
1.953170112E0,-4.325689375E-1,-5.860488415E-1,-2.325105816E-1
1.963170112E0,-5.217552781E-1,-3.789655268E-1,-3.357468247E-1
1.973170112E0,-4.557818174E-1,-3.655264974E-1,-4.566981196E-1
1.983170112E0,-2.529745698E-1,-4.583780169E-1,-4.896848500E-1
1.993170112E0,4.199698567E-3,-4.901430011E-1,-4.188244939E-1
2.003170112E0,3.456733823E-1,-4.290564656E-1,-3.339142203E-1
2.013170112E0,7.531204820E-1,-2.213622928E-1,-4.267657399E-1
2.023170112E0,1.091539860E0,9.934195876E-2,-6.069709659E-1
2.033170112E0,1.392085552E0,4.444808364E-1,-6.869943142E-1
2.043170112E0,1.671250939E0,5.800929070E-1,-5.342780352E-1
2.053170112E0,1.742111325E0,2.386192381E-1,-1.311069578E-1
2.063170112E0,1.206993341E0,-4.150065780E-1,3.893502355E-1
2.073170112E0,-2.932916880E-1,-1.080849648E0,8.255079985E-1
2.083170112E0,-2.101452827E0,-1.438816786E0,1.025871873E0
2.093170112E0,-3.474066973E0,-1.192638040E0,9.305768609E-1
2.103170112E0,-3.967035294E0,-4.589888752E-1,5.921574831E-1
2.113170112E0,-3.271870613E0,9.017898142E-2,3.569743633E-1
2.123170112E0,-1.752037883E0,3.155882657E-1,1.993711442E-1
2.133170112E0,-1.876119822E-1,3.265838325E-1,2.268600762E-1
2.143170112E0,8.343655467E-1,9.873109311E-2,4.021784067E-1
2.153170112E0,1.162400246E0,-1.376737505E-1,5.750532746E-1
2.163170112E0,9.540951252E-1,-3.932445124E-2,6.349180937E-1
2.173170112E0,5.118287206E-1,3.577379584E-1,6.068182588E-1
2.183170112E0,7.689265907E-2,8.323802352E-1,5.292384028E-1
2.193170112E0,-2.352594733E-1,1.234940410E0,4.968625307E-1
2.203170112E0,-3.641520441E-1,1.416978240E0,4.589888752E-1
2.213170112E0,-1.967749745E-1,1.286864042E0,4.498258829E-1
2.223170078E0,2.625956833E-1,8.256607652E-1,4.931973219E-1
2.233170078E0,8.349764347E-1,3.235295117E-1,4.748713672E-1
2.243170078E0,1.226541042E0,6.940956414E-2,3.459787965E-1
2.253170078E0,1.289460182E0,9.384417534E-2,7.475463301E-2
2.263170078E0,1.114141822E0,2.771037519E-1,-2.471713424E-1
2.273170078E0,7.922158837E-1,4.786892831E-1,-5.128977299E-1
2.283170078E0,4.171445966E-1,5.550474524E-1,-7.572438121E-1
2.293170078E0,1.343140006E-1,4.866305292E-1,-1.014418125E0
2.303170078E0,-2.573269792E-2,3.033709526E-1,-1.210505843E0
2.313170078E0,-6.482807547E-2,1.537089646E-1,-1.341841817E0
2.323170078E0,1.153008174E-2,-1.028544381E-1,-1.379104614E0
2.333170078E0,1.422552466E-1,-4.467715621E-1,-1.345507026E0
2.343170078E0,2.204459906E-1,-7.656432390E-1,-1.236773014E0
2.353170078E0,2.338850349E-1,-8.798750043E-1,-1.089554548E0
2.363170078E0,1.880701333E-1,-8.365035653E-1,-9.319512844E-1
2.373170078E0,1.459204406E-1,-8.016842604E-1,-7.847327590E-1
2.383170078E0,1.404226422E-1,-7.589237094E-1,-5.171737671E-1
2.393170078E0,2.387719452E-1,-8.823184967E-1,-3.412446082E-1
2.403170078E0,3.175735772E-1,-9.794460535E-1,-1.085049361E-1
2.413170078E0,2.919172347E-1,-9.501245022E-1,1.224021241E-1
2.423170078E0,2.186134011E-1,-7.876343727E-1,3.013856411E-1
2.433170078E0,1.618029326E-1,-5.316818357E-1,4.443280995E-1
2.443170078E0,1.825723499E-1,-3.429244757E-1,5.255731940E-1
2.453170078E0,4.079816341E-1,-4.547128081E-1,4.791474342E-1
2.463170078E0,6.211736202E-1,-6.086508632E-1,4.223369658E-1
2.473170078E0,6.223953366E-1,-4.418846369E-1,3.221550584E-1
2.483170078E0,4.806745946E-1,-1.672243699E-2,1.468367279E-1
2.493170078E0,3.163518310E-1,3.015383482E-1,4.543310404E-2
2.503170078E0,1.954005212E-1,1.427133977E-1,8.147415519E-2
2.513170078E0,-1.168279815E-2,-3.826307058E-1,2.665663362E-1
2.523170111E0,-4.478405714E-1,-6.477462053E-1,3.783546686E-1
2.533170111E0,-8.870527148E-1,-5.909357667E-1,2.464077622E-1
2.543170111E0,-9.456957579E-1,-3.691916764E-1,6.337726954E-3
2.553170111E0,-5.413029790E-1,-2.955060638E-2,-1.964695305E-1
2.563169744E0,9.216429293E-2,3.459024429E-2,-2.850449979E-1
2.573169744E0,6.804275513E-1,-1.358411610E-1,-2.563343346E-1
2.583169744E0,1.024344683E0,-1.425606757E-1,-1.976912618E-1
2.593169744E0,1.174006701E0,9.873109311E-2,-2.306779921E-1
2.603169744E0,1.214323759E0,2.874884605E-1,-2.838232517E-1
2.613169744E0,1.115363598E0,3.815616965E-1,-2.606103718E-1
2.623169744E0,9.033933282E-1,4.224896729E-1,-1.506546438E-1
2.633169744E0,6.694319248E-1,3.992767930E-1,4.604396969E-2
2.643169744E0,4.641812146E-1,3.155882657E-1,3.081051707E-1
2.653169744E0,3.102431893E-1,2.080759704E-1,5.610033870E-1
2.663169744E0,2.222785950E-1,1.085049361E-1,7.894669771E-1
2.673169744E0,1.239292845E-1,1.054506153E-1,9.641744494E-1
2.683169744E0,3.779728711E-2,1.243874356E-1,1.007545829E0
2.693169744E0,-2.390010282E-2,1.671480089E-1,9.550114274E-1
2.703169744E0,-7.276932150E-2,2.716059685E-1,7.766388059E-1
2.713169744E0,-6.543894112E-2,3.687335253E-1,5.054146051E-1
2.723169744E0,-7.032585889E-2,3.943898678E-1,2.427425832E-1
2.733169744E0,-1.179733500E-1,3.742313087E-1,2.588541433E-2
2.743169744E0,-2.383138090E-1,3.736204505E-1,-1.225548387E-1
2.753169744E0,-4.234059751E-1,3.552944958E-1,-2.037999183E-1
2.763169744E0,-6.048329473E-1,2.526691258E-1,-2.667190433E-1
2.773169744E0,-7.325037718E-1,1.030071527E-1,-2.716059685E-1
2.783169744E0,-8.241335750E-1,-1.244637929E-2,-2.282345295E-1
2.793169444E0,-8.534551263E-1,-1.346194297E-1,-1.628719419E-1
2.803169444E0,-8.320748210E-1,-2.653445899E-1,-7.307475805E-2
2.813169444E0,-8.015315533E-1,-3.288745880E-1,1.061378326E-2
2.823169410E0,-7.825947404E-1,-3.026073575E-1,8.636107296E-2
2.833169410E0,-7.648796439E-1,-2.109775841E-1,1.395063549E-1
2.843169410E0,-7.416667938E-1,-1.144608781E-1,1.633300930E-1
2.853169410E0,-7.147886753E-1,-1.244637929E-2,1.608866304E-1
2.863169776E0,-6.530913115E-1,4.680754989E-2,1.046870351E-1
2.873169342E0,-5.077053905E-1,2.725986205E-2,4.787656292E-2
2.883169342E0,-3.348305225E-1,3.153591976E-2,3.504839167E-2
2.893169342E0,-1.906663179E-1,8.407033235E-2,5.032002553E-2
2.903169342E0,-9.048441797E-2,1.506546438E-1,4.848742858E-2
2.913169342E0,-1.962404512E-2,2.007455975E-1,4.665483162E-2
2.923169375E0,2.496911772E-2,1.921934783E-1,-4.558581859E-2
2.933169375E0,-5.574145354E-3,1.781435758E-1,-2.007455975E-1
2.943169375E0,-1.387427747E-1,3.155882657E-1,-5.745950937E-1
2.953169275E0,-1.613447815E-1,5.617669225E-1,-8.445975780E-1
2.963169275E0,-1.796707362E-1,5.739842653E-1,-8.971319795E-1
2.973169275E0,-5.089271069E-1,2.893210649E-1,-6.436228752E-1
2.983169275E0,-1.204702616E0,-7.780896127E-2,-1.366047412E-1
2.993169275E0,-2.026316404E0,-4.162282944E-1,3.172681332E-1
3.003169275E0,-2.409939766E0,-5.432882905E-1,4.938081801E-1
3.013169275E0,-2.186974049E0,-3.056617081E-1,4.486041665E-1
3.023169275E0,-1.306717157E0,7.368562371E-2,3.545309305E-1
3.033169275E0,6.406449527E-2,2.490039468E-1,1.706604809E-1
3.043169275E0,1.284573197E0,2.520582676E-1,-6.146831438E-2
3.053169275E0,1.861840963E0,2.716059685E-1,-2.575560510E-1
3.063169275E0,1.832519412E0,2.716059685E-1,-4.004985392E-1
3.073169275E0,1.395139813E0,3.638466001E-1,-4.316526651E-1
3.083169275E0,8.068766594E-1,5.153411627E-1,-3.204751909E-1
3.093169575E0,3.126866519E-1,5.428301096E-1,-1.048397496E-1
3.103169575E0,2.802344225E-2,4.548655450E-1,1.608866304E-1
3.113169575E0,-6.238461286E-2,4.053854346E-1,4.119522572E-1
3.123169575E0,-2.878702432E-2,4.560872614E-1,6.343072057E-1
3.133169575E0,1.294270754E-1,5.574908853E-1,7.778605223E-1
3.143169575E0,4.165337384E-1,5.862015486E-1,8.187885284E-1
3.153169575E0,7.066947222E-1,5.336671472E-1,8.022951484E-1
3.163169575E0,9.418778419E-1,3.461315334E-1,6.789003611E-1
3.173170008E0,9.803623557E-1,1.634828150E-1,4.962516427E-1
3.183170008E0,7.946593165E-1,9.750936180E-2,2.738966942E-1
3.193170008E0,4.672355652E-1,9.689849615E-2,2.222022414E-2
3.203170008E0,1.355357319E-1,9.078984708E-2,-2.129628956E-1
3.213170008E0,-1.662317067E-1,5.841398984E-2,-4.035528600E-1
3.223169974E0,-3.904192448E-1,-1.733330078E-2,-5.501605272E-1
3.233169974E0,-5.022075772E-1,-1.505019218E-1,-6.130796075E-1
3.243169974E0,-5.138140321E-1,-3.520874679E-1,-5.623778105E-1
3.253170074E0,-4.594470263E-1,-5.194645524E-1,-4.402047694E-1
3.263170074E0,-3.488804102E-1,-6.251442432E-1,-2.868776023E-1
3.273170074E0,-1.888337135E-1,-7.259370089E-1,-1.610393524E-1
3.283170074E0,-3.856086731E-2,-8.200102448E-1,-7.918340713E-2
3.293170074E0,4.940372705E-2,-8.591055870E-1,-2.420553565E-2
3.303170074E0,9.582948685E-2,-8.792641759E-1,-7.712173741E-3
3.313170107E0,9.338602424E-2,-8.658251166E-1,3.627012298E-2
3.323170140E0,9.086620063E-3,-7.815257311E-1,7.292203605E-2
3.333170140E0,-7.765624672E-2,-7.198283076E-1,6.559165567E-2
3.343170140E0,-1.558469981E-1,-6.379724145E-1,1.065196246E-1
3.353170140E0,-2.474767864E-1,-4.095087945E-1,1.804343164E-1
3.363170140E0,-2.932916880E-1,-1.065196246E-1,2.714532316E-1
3.373170140E0,-2.315942794E-1,6.879869848E-2,3.050508201E-1
3.383170140E0,-8.193229884E-2,4.680754989E-2,2.427425832E-1
3.393170140E0,1.824959926E-2,7.307475805E-2,1.291216463E-1
3.403170140E0,5.001459271E-2,2.276236564E-1,-7.368562371E-2
3.413170140E0,1.141554415E-1,3.333033621E-1,-3.198643029E-1
3.423170140E0,1.013272703E-1,3.161991239E-1,-3.540727794E-1
3.433170140E0,-1.821141988E-1,1.610393524E-1,-1.274417639E-1
3.443170140E0,-6.744716167E-1,-2.099849284E-2,2.054798007E-1
3.453170140E0,-1.041601658E0,-3.032182455E-1,4.205043614E-1
3.463170140E0,-1.070312262E0,-5.451208949E-1,3.368158340E-1
3.473170140E0,-8.149706125E-1,-4.492150247E-1,1.352302879E-1
3.483170140E0,-2.645809948E-1,-2.146427780E-1,-5.474879593E-2
3.493170140E0,6.981425881E-1,-8.147415519E-2,-1.848630905E-1
3.503170140E0,1.107422352E0,-8.781188168E-3,-2.080759704E-1
3.513170140E0,1.282740712E0,1.640936732E-1,-2.123520374E-1
3.523170173E0,1.195997834E0,3.290272951E-1,-1.763109863E-1
3.533170173E0,9.644798636E-1,3.858377635E-1,-9.445504099E-2
3.543170173E0,6.938665509E-1,3.601814210E-1,4.543310404E-2
3.553170173E0,4.806745946E-1,3.430771828E-1,2.109775841E-1
3.563170206E0,3.652210534E-1,3.876703680E-1,3.869067729E-1
3.573170206E0,3.395647109E-1,4.560872614E-1,5.274057984E-1
3.583170206E0,3.737731576E-1,5.177846551E-1,6.049856544E-1
3.593170206E0,4.464661479E-1,5.409975052E-1,6.098725796E-1
3.603170206E0,4.843397737E-1,5.147303343E-1,5.542838573E-1
3.613170172E0,4.837289155E-1,4.628067911E-1,4.553236961E-1
3.623170138E0,4.018729627E-1,4.188244939E-1,3.142138124E-1
3.633170138E0,2.723695338E-1,3.864486217E-1,1.065196246E-1
3.643170138E0,1.471421719E-1,3.742313087E-1,-1.158353239E-1
3.653170138E0,3.352123126E-2,3.620140254E-1,-2.942079604E-1
3.663170138E0,-6.788240373E-2,2.691625059E-1,-4.151592851E-1
3.673170138E0,-1.631773859E-1,1.213331074E-1,-4.621959031E-1
3.683170138E0,-2.590832114E-1,-5.215261877E-2,-4.603633285E-1
3.693170138E0,-3.299435973E-1,-1.798234582E-1,-4.176027477E-1
3.703170138E0,-3.641520441E-1,-2.598468065E-1,-3.388011456E-1
3.713170138E0,-3.470478058E-1,-3.386484087E-1,-2.685516477E-1
3.723170138E0,-2.621375620E-1,-4.907538593E-1,-2.166280895E-1
3.733170138E0,-2.157117873E-1,-5.897140503E-1,-1.421025246E-1
3.743170138E0,-2.108248621E-1,-5.646685362E-1,-9.078984708E-2
3.753170138E0,-2.260964960E-1,-4.223369658E-1,-6.024658307E-2
3.763170138E0,-2.810743749E-1,-2.525164187E-1,-5.902485549E-2
3.773170138E0,-3.507130146E-1,-1.352302879E-1,-8.773551881E-2
3.783170138E0,-4.063017368E-1,-6.253732741E-2,-1.292743534E-1
3.793170138E0,-4.344015419E-1,-2.290744742E-4,-1.445459872E-1
3.803170138E0,-3.995822370E-1,7.002042979E-2,-1.329395473E-1
3.813170138E0,-2.853504419E-1,9.934195876E-2,-1.036180183E-1
3.823170104E0,-1.124755666E-1,1.005636901E-1,-5.474879593E-2
3.833170104E0,3.474296257E-2,9.201157838E-2,-3.520110995E-2
3.843170104E0,1.037707329E-1,1.610393524E-1,-9.750936180E-2
3.853170104E0,1.416443735E-1,3.149773777E-1,-2.929862440E-1
3.863170070E0,1.422552466E-1,5.196172595E-1,-5.073999166E-1
3.873170070E0,4.451680556E-2,5.776494741E-1,-5.122868419E-1
3.883170070E0,-1.778381467E-1,2.129628956E-1,-1.915826052E-1
3.893170070E0,-6.854671836E-1,-4.217261076E-1,3.270419836E-1
3.903170070E0,-1.319545269E0,-8.163450360E-1,6.514114141E-1
3.913170070E0,-1.543732882E0,-1.033202171E0,6.251442432E-1
3.923170070E0,-1.256015301E0,-8.462774158E-1,4.131739736E-1
3.933170070E0,-5.125923157E-1,-4.345542490E-1,1.847103834E-1
3.943170503E0,5.784130096E-1,-1.535562575E-1,-1.017854214E-1
3.953170503E0,1.549688816E0,7.796167582E-2,-3.705661297E-1
3.963170503E0,2.056706905E0,3.669009507E-1,-5.428301096E-1
3.973170503E0,2.198427677E0,6.784422398E-1,-6.430120468E-1
3.983170503E0,2.090915442E0,7.199810743E-1,-5.898667574E-1
3.993170503E0,1.640707731E0,5.745950937E-1,-3.216969073E-1
4.003170503E0,9.681450725E-1,4.212679565E-1,-3.764457256E-2
4.013170503E0,3.542254865E-1,3.125339448E-1,2.121993154E-1
4.023170503E0,-2.519819187E-3,3.125339448E-1,3.759112060E-1
4.033170503E0,-1.283580661E-1,3.901138306E-1,4.565454125E-1
4.043170503E0,-8.071056753E-2,5.073999166E-1,4.828126132E-1
4.053170503E0,2.369393557E-1,6.540076137E-1,4.650975168E-1
4.063170503E0,4.892266989E-1,5.849798322E-1,4.504367709E-1
4.073170503E0,6.291148663E-1,3.919464052E-1,4.217261076E-1
4.083170503E0,5.875760317E-1,1.836413592E-1,4.198935032E-1
4.093170503E0,3.896556795E-1,5.841398984E-2,3.753003478E-1
4.103170503E0,9.705121815E-2,2.603813075E-2,2.262492180E-1
4.113170503E0,-1.912771761E-1,-8.170322515E-3,3.077233583E-2
4.123170503E0,-3.336087763E-1,-1.517236531E-1,-1.341612786E-1
4.133170503E0,-3.629303277E-1,-3.074942827E-1,-2.373975068E-1
4.143170503E0,-3.293327391E-1,-4.327216744E-1,-3.155882657E-1
4.153170503E0,-2.596940994E-1,-4.760931134E-1,-3.705661297E-1
4.163170503E0,-1.888337135E-1,-4.290564656E-1,-3.840051591E-1
4.173170503E0,-1.185842156E-1,-3.545309305E-1,-3.418554664E-1
4.183170503E0,-4.283692688E-2,-3.368158340E-1,-3.607922792E-1
4.193170503E0,4.573853686E-2,-3.502548635E-1,-3.614031374E-1
4.203170503E0,1.392009109E-1,-4.015675485E-1,-2.734385431E-1
4.213170503E0,2.650391459E-1,-4.986951053E-1,-1.744783819E-1
4.223170503E0,4.122576714E-1,-5.530621409E-1,-8.529205620E-2
4.233170503E0,4.922810197E-1,-5.011385679E-1,2.099849284E-2
4.243170069E0,4.544073939E-1,-3.398701549E-1,9.857837856E-2
4.253170069E0,2.913063765E-1,-7.353290170E-2,8.575020730E-2
4.263170069E0,3.718642145E-2,2.636647224E-1,2.283108793E-2
4.273170069E0,-1.613447815E-1,5.318345428E-1,-4.069889709E-2
4.283170069E0,-2.016618848E-1,5.354997516E-1,-7.002042979E-2
4.293170069E0,-9.720393270E-2,3.998876512E-1,-1.439351290E-1
4.303169735E0,1.141554415E-1,3.070361316E-1,-2.654972970E-1
4.313169735E0,2.674826086E-1,2.709950805E-1,-3.534618914E-1
4.323169735E0,2.112830132E-1,1.793653071E-1,-4.273765981E-1
4.333169735E0,-1.839468032E-1,-1.611157134E-2,-4.053854346E-1
4.343169735E0,-9.401979446E-1,-3.337614834E-1,-2.990948856E-1
4.353169735E0,-1.709888220E0,-6.312528849E-1,-2.593886554E-1
4.363169735E0,-2.328083754E0,-8.664360046E-1,-2.031890452E-1
4.373169735E0,-2.613357782E0,-5.261840224E-1,-1.494329125E-1
4.383169735E0,-2.324418545E0,9.445504099E-2,-1.207222417E-1
4.393169735E0,-1.266399980E0,3.614031374E-1,-6.207918003E-2
4.403169735E0,1.642463952E-1,2.105194330E-1,2.710714564E-2
4.413169735E0,1.130635262E0,1.848630905E-1,3.382666409E-2
4.423169735E0,1.452561140E0,4.395939112E-1,-5.963572115E-2
4.433169735E0,1.409189820E0,6.711118221E-1,-1.329395473E-1
4.443169735E0,1.216156363E0,7.028768063E-1,-7.124216110E-2
4.453169735E0,9.705885053E-1,6.112470627E-1,9.185886383E-2
4.463169735E0,7.445683479E-1,5.165629387E-1,2.317470014E-1
4.473169735E0,5.930737853E-1,5.245041847E-1,3.630830348E-1
4.483169735E0,5.203808546E-1,5.880341530E-1,4.986951053E-1
4.493169735E0,4.849506319E-1,6.350708008E-1,5.897140503E-1
4.503169735E0,4.910593033E-1,6.472880840E-1,6.165921092E-1
4.513169735E0,5.136613250E-1,5.513822436E-1,6.123160720E-1
4.523097535E0,5.112178326E-1,4.200462103E-1,5.884923339E-1
4.533097535E0,4.647921026E-1,2.856558561E-1,5.151884556E-1
4.543097535E0,3.475059569E-1,1.732566506E-1,3.936263025E-1
4.553097535E0,1.587486118E-1,1.140027270E-1,2.354121953E-1
4.563097568E0,-5.566509441E-2,1.078940704E-1,6.498079002E-2
4.573097568E0,-2.505311072E-1,1.329395473E-1,-9.017898142E-2
4.583097568E0,-3.953061700E-1,6.024658307E-2,-2.496148050E-1
4.593097568E0,-4.851033688E-1,-3.749185428E-2,-3.589596748E-1
4.603097901E0,-5.278639197E-1,-1.578323096E-1,-3.943898678E-1
4.613097901E0,-4.881576896E-1,-2.183079720E-1,-3.491858542E-1
4.623097901E0,-3.806453943E-1,-2.726749778E-1,-2.746602893E-1
4.633097901E0,-2.297616899E-1,-3.368158340E-1,-1.940260679E-1
4.643097901E0,-6.543894112E-2,-4.260021448E-1,-1.555415690E-1
4.653097901E0,5.306891724E-2,-5.249623060E-1,-1.225548387E-1
4.663097901E0,7.689265907E-2,-5.292384028E-1,-9.873109311E-2
4.673097901E0,-1.298088697E-3,-4.412737787E-1,-9.201157838E-2
4.683097901E0,-1.534035355E-1,-3.563635051E-1,-1.188896447E-1
4.693097901E0,-3.293327391E-1,-2.470186353E-1,-1.891391575E-1
4.703097901E0,-4.759403765E-1,-1.388954818E-1,-2.612212598E-1
4.713097901E0,-5.431355834E-1,-8.781188168E-3,-3.033709526E-1
4.723097901E0,-4.967097938E-1,8.590292186E-2,-2.771037519E-1
4.733097901E0,-3.201697469E-1,4.008803144E-2,-2.141846269E-1
4.743097901E0,-5.810855702E-2,-1.859321147E-1,-1.989129931E-1
4.753097901E0,1.960113794E-1,-3.050508201E-1,-2.178498209E-1
4.763097901E0,2.638174295E-1,-2.109775841E-1,-2.392300963E-1
4.773097901E0,2.344958931E-1,-9.392052889E-3,-3.113121986E-1
4.783097901E0,2.461023331E-1,8.773551881E-2,-3.925572634E-1
4.793097901E0,2.063960880E-1,1.198823005E-2,-4.121049643E-1
4.803097901E0,-1.779145002E-2,-2.955060638E-2,-3.614031374E-1
4.813097901E0,-3.348305225E-1,6.452263892E-2,-3.082578778E-1
4.823097867E0,-5.370268822E-1,8.407033235E-2,-4.121049643E-1
4.833097867E0,-5.993351340E-1,2.848159149E-2,-5.080108047E-1
4.843097867E0,-4.600578845E-1,-1.040761694E-1,-3.595705628E-1
4.853097867E0,-2.695442922E-2,-3.410918713E-1,-1.011745557E-1
4.863097833E0,5.906303525E-1,-5.219079852E-1,1.731039435E-1
4.873097833E0,1.051833630E0,-5.438991189E-1,3.160464168E-1
4.883097833E0,1.199052095E0,-2.537381649E-1,2.964987159E-1
4.893097833E0,1.146517754E0,1.176679209E-1,1.938733608E-1
4.903097833E0,1.059163928E0,2.337323129E-1,1.578323096E-1
4.913097833E0,9.614255428E-1,1.414916664E-1,2.708423734E-1
4.923097866E0,8.172613382E-1,7.246389240E-2,4.211152196E-1
4.933097866E0,6.120105982E-1,1.433242559E-1,5.652794242E-1
4.943097866E0,4.018729627E-1,2.703842223E-1,6.532440186E-1
4.953097866E0,2.289981097E-1,3.956116140E-1,6.868416071E-1
4.963097866E0,1.220966876E-1,5.409975052E-1,6.672939062E-1
4.973097866E0,7.872525603E-2,6.424011588E-1,5.689446330E-1
4.983097866E0,8.422304690E-2,6.381251216E-1,4.211152196E-1
4.993097866E0,1.165989041E-1,5.898667574E-1,2.506838143E-1
5.003097866E0,1.514182240E-1,5.037347674E-1,6.253732741E-2
5.013097866E0,1.954005212E-1,4.029420018E-1,-7.735081017E-2
5.023097866E0,2.063960880E-1,2.581669390E-1,-1.555415690E-1
5.033097866E0,1.459204406E-1,1.274417639E-1,-2.264019251E-1
5.043097866E0,1.519527286E-2,8.834638447E-2,-2.789363563E-1
5.053097866E0,-1.259146035E-1,1.280526221E-1,-3.192534447E-1
5.063097866E0,-2.377029359E-1,1.469894499E-1,-3.388011456E-1
5.073097866E0,-3.189480305E-1,9.812022746E-2,-3.064252734E-1
5.083097866E0,-3.366630971E-1,-2.832887508E-2,-2.569451928E-1
5.093097866E0,-2.890156209E-1,-1.847103834E-1,-1.958586723E-1
5.103097866E0,-1.802816093E-1,-3.331506252E-1,-1.543198377E-1
5.113097866E0,-8.437576145E-2,-4.137848318E-1,-1.268308908E-1
5.123097866E0,-5.566509441E-2,-4.046218693E-1,-1.164461896E-1
5.133097866E0,-1.283580661E-1,-3.111594915E-1,-1.243874356E-1
5.143097866E0,-2.535854280E-1,-2.280818075E-1,-1.469894499E-1
5.153097866E0,-3.501021564E-1,-1.694387496E-1,-1.451568604E-1
5.163097866E0,-4.551709592E-1,-3.565925732E-2,-8.956811577E-2
5.173097866E0,-4.789946973E-1,7.307475805E-2,-2.176207490E-2
5.183097866E0,-4.398993254E-1,1.665371358E-1,5.765040591E-2
5.193097866E0,-3.134502172E-1,9.689849615E-2,1.327868253E-1
5.203097866E0,-1.155298874E-1,-6.803511828E-2,1.511127949E-1
5.213097866E0,9.697485715E-3,-3.016147204E-2,8.025242388E-2
5.223097832E0,4.757113010E-2,1.109483987E-1,-9.506590664E-2
5.233097832E0,-4.039346427E-2,2.001347244E-1,-2.496148050E-1
5.243097832E0,-3.568216562E-1,2.092977017E-1,-3.259729743E-1
5.253097832E0,-9.518043995E-1,1.885282844E-1,-3.369685411E-1
5.263097832E0,-1.590158582E0,2.386192381E-1,-3.388011456E-1
5.273097832E0,-1.767309546E0,1.873065531E-1,-3.943898678E-1
5.283097832E0,-1.328708291E0,-1.046870351E-1,-4.127158225E-1
5.293097832E0,-4.612796307E-1,-3.954588771E-1,-3.662900627E-1
5.303097832E0,3.493385613E-1,-5.005277395E-1,-2.025781870E-1
5.313097832E0,8.496372104E-1,-4.870886803E-1,-1.687515154E-2
5.323097832E0,1.030453324E0,-4.253912866E-1,1.358411610E-1
5.333097832E0,9.510408044E-1,-2.940552533E-1,2.213622928E-1
5.343097832E0,7.384597063E-1,-1.523345262E-1,2.415208519E-1
5.353097832E0,5.118287206E-1,-8.513934165E-2,2.445751727E-1
5.363097832E0,3.621667325E-1,-1.071304902E-1,2.916117907E-1
5.373097832E0,3.255148232E-1,-1.902081668E-1,3.600287139E-1
5.383097832E0,3.841578662E-1,-2.121993154E-1,4.229478240E-1
5.393097832E0,4.983896911E-1,-1.437824070E-1,4.424955249E-1
5.403097832E0,6.150649190E-1,-1.450804994E-3,4.479933083E-1
5.413097832E0,6.914231181E-1,1.793653071E-1,4.369977117E-1
5.423097832E0,7.268533111E-1,3.052035570E-1,4.113413990E-1
5.433097832E0,7.066947222E-1,2.905427814E-1,3.636938930E-1
5.443097832E0,5.576435924E-1,1.964695305E-1,2.891683280E-1
5.453097832E0,2.723695338E-1,1.873065531E-1,1.388954818E-1
5.463097832E0,-1.962404512E-2,3.168099821E-1,-1.005636901E-1
5.473097832E0,-2.132683247E-1,4.609741867E-1,-3.314707577E-1
5.483097832E0,-2.682462037E-1,4.890739918E-1,-4.872413874E-1
5.493097832E0,-2.242639065E-1,3.754530549E-1,-5.471062064E-1
5.503097832E0,-1.619556546E-1,1.860848218E-1,-4.994587004E-1
5.513097832E0,-1.558469981E-1,2.725986205E-2,-3.870594800E-1
5.523097865E0,-2.273182273E-1,-4.115704447E-2,-2.624429762E-1
5.533097865E0,-3.391065598E-1,-8.147415519E-2,-1.268308908E-1
5.543097865E0,-4.215733707E-1,-1.278999150E-1,-1.603521290E-3
5.553097865E0,-4.417319298E-1,-1.682170182E-1,9.674578160E-2
5.563097898E0,-4.179081917E-1,-2.134210467E-1,1.529453844E-1
5.573097898E0,-3.971387744E-1,-2.274709493E-1,1.443932652E-1
5.583097898E0,-3.898083866E-1,-2.085341215E-1,1.291216463E-1
5.593097898E0,-3.910301030E-1,-1.889864355E-1,1.321759671E-1
5.603097898E0,-4.252385795E-1,-1.480584592E-1,1.443932652E-1
5.613097898E0,-4.973206818E-1,-6.803511828E-2,1.608866304E-1
5.623097898E0,-5.645158291E-1,4.314235970E-2,1.957059503E-1
5.633097898E0,-5.742896795E-1,1.451568604E-1,2.250274867E-1
5.643097898E0,-4.612796307E-1,1.457677186E-1,2.506838143E-1
5.653097898E0,-2.480876446E-1,6.391177326E-2,2.964987159E-1
5.663097898E0,-3.489567712E-2,-1.916589774E-2,2.592359483E-1
5.673097898E0,1.563051492E-1,4.657847341E-3,1.150717437E-1
5.683097898E0,2.980258763E-1,1.060614809E-1,-1.030071527E-1
5.693097898E0,3.829361498E-1,1.891391575E-1,-4.231005311E-1
5.703097898E0,2.235003263E-1,1.561524272E-1,-7.291440368E-1
5.713097898E0,-8.699484468E-1,6.696610153E-2,-8.769733906E-1
5.723097898E0,-1.640249491E0,1.280526221E-1,-6.705009937E-1
5.733097898E0,-1.915749788E0,1.078940704E-1,-5.397757888E-1
5.743097898E0,-1.582217336E0,1.687515154E-2,-3.931681514E-1
5.753097898E0,-8.094727993E-1,6.879869848E-2,-1.695914567E-1
5.763097664E0,2.522109747E-1,8.468119800E-2,8.819366992E-2
5.773097664E0,1.312062144E0,3.459024429E-2,2.134210467E-1
5.783097664E0,1.907044888E0,-4.237877578E-2,2.512947023E-1
5.793097664E0,1.916207910E0,-1.181260645E-1,1.847103834E-1
5.803097664E0,1.454393744E0,-1.834886521E-1,6.620252132E-2
5.813097664E0,7.482335567E-1,-2.415208519E-1,1.550070569E-2
5.823097630E0,1.001055390E-1,-2.464077622E-1,4.604396969E-2
5.833097630E0,-2.847395539E-1,-2.030363381E-1,1.425606757E-1
5.843097630E0,-3.849214613E-1,-9.369145334E-2,2.714532316E-1
5.853097630E0,-2.285399586E-1,3.764457256E-2,4.003458023E-1
5.863097596E0,9.644035250E-2,1.249983013E-1,5.329035521E-1
5.873097596E0,4.550182521E-1,1.592067480E-1,6.471353769E-1
5.883097596E0,7.586182952E-1,1.494329125E-1,7.161631584E-1
5.893097596E0,8.997281194E-1,1.256091595E-1,7.131088376E-1
5.903097596E0,8.361981511E-1,1.372155994E-1,5.622251034E-1
5.913097596E0,6.010150313E-1,2.099085748E-1,2.787836194E-1
5.923097629E0,2.986367345E-1,2.826015353E-1,-3.214678168E-2
5.933097629E0,-1.908953884E-3,3.632357419E-1,-2.887101769E-1
5.943097629E0,-1.986075640E-1,3.699552715E-1,-4.536437988E-1
5.953097629E0,-2.932916880E-1,3.143665195E-1,-4.964043796E-1
5.963097629E0,-3.067307174E-1,2.037999183E-1,-4.334852397E-1
5.973097629E0,-2.743548453E-1,7.551821321E-2,-2.948188484E-1
5.983097629E0,-2.419789881E-1,-8.330674469E-2,-1.512655020E-1
5.993097629E0,-2.126574665E-1,-2.128101736E-1,-1.137736533E-2
6.003097629E0,-2.034944892E-1,-2.867248654E-1,8.330674469E-2
6.013097629E0,-2.169335186E-1,-3.013856411E-1,1.114065498E-1
6.023097629E0,-2.340377420E-1,-3.056617081E-1,8.208502084E-2
6.033097629E0,-2.462550551E-1,-3.123812079E-1,2.527454868E-2
6.043097629E0,-2.658027411E-1,-2.659554482E-1,-3.214678168E-2
6.053097629E0,-2.859613001E-1,-1.706604809E-1,-8.895725012E-2
6.063097862E0,-3.152828217E-1,-8.513934165E-2,-1.280526221E-1
6.073097862E0,-3.598759770E-1,1.603521290E-3,-1.256091595E-1
6.083097862E0,-4.111886621E-1,7.368562371E-2,-8.223773539E-2
6.093097862E0,-4.466188550E-1,6.879869848E-2,-1.992947794E-2
6.103097862E0,-4.429536462E-1,4.375322163E-2,6.314819306E-2
6.113097862E0,-3.610977232E-1,1.076649968E-2,1.492801905E-1
6.123097862E0,-1.344667077E-1,-1.376737505E-1,2.024254650E-1
6.133097862E0,1.337031275E-1,-2.256383449E-1,1.975385547E-1
6.143097862E0,2.937498391E-1,-1.523345262E-1,1.183551457E-2
6.153097862E0,2.662608922E-1,1.097266674E-1,-3.638466001E-1
6.163097862E0,2.008219436E-2,4.237114191E-1,-7.926740050E-1
6.173097862E0,-5.871178508E-1,4.243222773E-1,-8.519279361E-1
6.183097862E0,-1.469207287E0,-4.482223839E-2,-4.023311138E-1
6.193097862E0,-2.119778872E0,-4.351651371E-1,-3.092505224E-2
6.203097962E0,-1.973171115E0,-4.748713672E-1,-4.192062840E-2
6.213097962E0,-1.094136000E0,-2.812270820E-1,-1.443169173E-2
6.223097928E0,1.300379336E-1,-1.840995103E-1,6.070473418E-2
6.233097928E0,1.518534660E0,-1.437824070E-1,1.101848185E-1
6.243097928E0,2.505082130E0,-3.321579844E-2,1.645518243E-1
6.253097928E0,2.781193018E0,1.726457924E-1,8.941540122E-2
6.263097928E0,2.425669432E0,4.377613068E-1,-3.886630014E-2
6.273097928E0,1.194165230E0,5.965862870E-1,-3.947716579E-2
6.283097928E0,3.878230751E-1,4.646393657E-1,1.327868253E-1
6.293097928E0,-1.106429696E-1,3.271946907E-1,3.362049460E-1
6.303097928E0,-2.920699418E-1,3.070361316E-1,4.938081801E-1
6.313097928E0,-3.256675303E-1,4.463134110E-1,6.068182588E-1
6.323097928E0,-1.595121920E-1,5.031238794E-1,6.049856544E-1
6.333097928E0,1.111011133E-1,4.090506434E-1,5.652794242E-1
6.343097928E0,3.475059569E-1,2.685516477E-1,4.779256880E-1
6.353097928E0,5.710826516E-1,-1.611157134E-2,2.616794109E-1
6.363097928E0,6.584363580E-1,-2.238057554E-1,1.488984004E-2
6.373097928E0,5.936846733E-1,-3.111594915E-1,-2.001347244E-1
6.383097928E0,4.055381715E-1,-3.465896547E-1,-3.565162420E-1
6.393097928E0,1.715767831E-1,-3.899610937E-1,-3.968333304E-1
6.403097928E0,-3.611740842E-2,-3.765220642E-1,-3.736204505E-1
6.413097928E0,-1.735620946E-1,-3.643047512E-1,-3.394120038E-1
6.423097928E0,-2.505311072E-1,-3.539200425E-1,-3.143665195E-1
6.433097928E0,-2.847395539E-1,-2.800053656E-1,-2.661081851E-1
6.443097928E0,-2.914590836E-1,-1.755474061E-1,-1.934152097E-1
6.453097928E0,-2.578614950E-1,-1.126282811E-1,-1.702023298E-1
6.463097928E0,-2.034944892E-1,-1.083522215E-1,-1.836413592E-1
6.473097928E0,-1.656208336E-1,-1.352302879E-1,-2.129628956E-1
6.483097928E0,-2.059379518E-1,-1.376737505E-1,-2.624429762E-1
6.493097928E0,-3.085633218E-1,-1.181260645E-1,-2.856558561E-1
6.503097828E0,-4.527274966E-1,-9.552405030E-2,-2.844341397E-1
6.513097828E0,-6.103307605E-1,-2.222022414E-2,-2.416735590E-1
6.523097861E0,-7.312820554E-1,5.169447139E-2,-1.476003081E-1
6.533097861E0,-7.868707776E-1,7.063129544E-2,-3.581197560E-2
6.543097861E0,-7.581601143E-1,7.673994452E-2,3.749185428E-2
6.553097861E0,-6.598108411E-1,1.115592644E-1,8.330674469E-2
6.563097894E0,-4.869359732E-1,1.182787865E-1,1.321759671E-1
6.573097894E0,-2.486985177E-1,1.854739636E-1,2.079232633E-1
6.583097894E0,3.840815276E-2,2.373975068E-1,2.580142021E-1
6.593097894E0,4.128685594E-1,2.019673288E-1,3.111594915E-1
6.603097894E0,6.071236730E-1,2.054034360E-2,3.911828399E-1
6.613097894E0,2.839759886E-1,-2.146427780E-1,5.787184834E-1
6.623097894E0,-6.512587070E-1,-4.437172413E-1,8.175667524E-1
6.633097894E0,-1.636584401E0,-6.049856544E-1,9.189704061E-1
6.643097894E0,-1.775861621E0,-8.975901008E-1,6.428593397E-1
6.653097894E0,-9.114872813E-1,-1.176144719E0,2.671771944E-1
6.663097894E0,1.831832081E-1,-1.172479510E0,6.337726954E-3
6.673097894E0,7.464009523E-1,-8.676577210E-1,-4.619668424E-2
6.683097894E0,9.278279543E-1,-4.461607039E-1,2.099849284E-2
6.693097894E0,1.035951138E0,-1.474476010E-1,1.144608781E-1
6.703097894E0,9.919688106E-1,2.086868435E-1,1.810451895E-1
6.713097894E0,7.183011770E-1,4.976260960E-1,1.651626974E-1
6.723097894E0,2.986367345E-1,5.422192812E-1,8.941540122E-2
6.733097894E0,-1.094212383E-1,3.449097872E-1,4.848742858E-2
6.743097894E0,-3.800345361E-1,1.518763751E-1,1.242347211E-1
6.753097894E0,-4.869359732E-1,9.323330969E-2,2.146427780E-1
6.763097894E0,-4.081343412E-1,1.023962870E-1,3.191007376E-1
6.773097894E0,-2.132683247E-1,1.750892550E-1,4.541019499E-1
6.783097894E0,8.177958429E-2,3.064252734E-1,5.408447981E-1
6.793097894E0,4.855615199E-1,3.216969073E-1,5.292384028E-1
6.803097894E0,8.172613382E-1,2.318997234E-1,4.388303161E-1
6.813097894E0,9.577603340E-1,1.152244583E-1,2.659554482E-1
6.823097860E0,8.416959643E-1,-7.559457328E-3,7.170030475E-2
6.833097860E0,4.415792227E-1,5.535966158E-2,-2.673299015E-1
6.843097860E0,1.752419621E-1,7.712173741E-3,-5.165629387E-1
6.853097860E0,-4.352414981E-3,-8.330674469E-2,-6.088035703E-1
6.863097826E0,-5.749769136E-2,-2.769510448E-1,-6.167448163E-1
6.873097826E0,-4.344778880E-2,-4.119522572E-1,-5.941427946E-1
6.883097826E0,-1.107193250E-2,-4.583780169E-1,-5.978080034E-1
6.893097826E0,-8.017606102E-3,-4.296673536E-1,-6.173557043E-1
6.903097826E0,-7.765624672E-2,-3.862959146E-1,-5.959753990E-1
6.913097826E0,-1.839468032E-1,-4.113413990E-1,-5.055673718E-1
6.923097859E0,-2.554180324E-1,-5.316818357E-1,-3.577379584E-1
6.933097859E0,-2.798526287E-1,-7.027240992E-1,-1.909717470E-1
6.943097859E0,-2.957351506E-1,-8.096255064E-1,-3.886630014E-2
6.953097859E0,-3.067307174E-1,-8.731555343E-1,9.392052889E-3
6.963097859E0,-3.818671405E-1,-7.619780302E-1,7.536549866E-2
6.973097859E0,-5.315291286E-1,-4.925864637E-1,1.388954818E-1
6.983097859E0,-6.561456323E-1,-2.134210467E-1,1.706604809E-1
6.993097859E0,-6.799693704E-1,-3.016147204E-2,2.195297033E-1
7.003097859E0,-5.541311502E-1,3.397937864E-2,2.848922908E-1
7.013097859E0,-3.177262843E-1,4.069889709E-2,3.624721766E-1
7.023097859E0,-5.016730726E-2,-7.170030475E-2,3.856850564E-1
7.033097859E0,1.556942761E-1,-9.002626687E-2,3.203224540E-1
7.043097859E0,1.929570585E-1,1.757001132E-1,1.792125851E-1
7.053097859E0,2.069306001E-2,6.136904955E-1,-7.796167582E-2
7.063097859E0,-2.749657333E-1,9.179013968E-1,-4.463134110E-1
7.073097825E0,-6.830236912E-1,7.890087962E-1,-5.978080034E-1
7.083097425E0,-1.197983146E0,2.105194330E-1,-4.884631336E-1
7.093097425E0,-1.656131983E0,-2.934443951E-1,-3.723987341E-1
7.103097425E0,-1.585271716E0,-5.341253281E-1,-4.231005311E-1
7.113097425E0,-9.701303840E-1,-4.235586822E-1,-5.006804466E-1
7.123097425E0,-1.253037304E-1,-1.456149966E-1,-4.860196710E-1
7.133097425E0,8.783478737E-1,-7.353290170E-2,-3.974441886E-1
7.143097425E0,1.740889549E0,-1.260673106E-1,-2.636647224E-1
7.153097425E0,2.166051865E0,-4.909829423E-2,-1.195005104E-1
7.163097425E0,2.090304613E0,1.256091595E-1,-3.581197560E-2
7.173097425E0,1.655368447E0,2.007455975E-1,3.894265974E-3
7.183097425E0,1.005407810E0,2.007455975E-1,5.032002553E-2
7.193097425E0,3.389538527E-1,2.099085748E-1,1.016327068E-1
7.203097425E0,-1.607339233E-1,2.581669390E-1,1.541671157E-1
7.213097425E0,-3.696498275E-1,3.479641080E-1,1.816560477E-1
7.223097391E0,-2.493093759E-1,5.428301096E-1,1.804343164E-1
7.233097391E0,1.398117840E-1,6.827182770E-1,1.932624876E-1
7.243097391E0,5.894085765E-1,6.741661429E-1,2.170862406E-1
7.253097391E0,9.327148795E-1,5.715407729E-1,2.402991205E-1
7.263097391E0,1.045114040E0,4.432590902E-1,2.659554482E-1
7.273097391E0,8.960629702E-1,3.687335253E-1,2.525164187E-1
7.283097391E0,5.606979132E-1,3.534618914E-1,1.724930704E-1
7.293097391E0,1.654681265E-1,4.078288972E-1,3.443752974E-2
7.303097391E0,-1.607339233E-1,4.909065962E-1,-1.286634952E-1
7.313097391E0,-3.287218511E-1,5.458844304E-1,-2.948188484E-1
7.323097391E0,-3.464369476E-1,4.414264858E-1,-4.255439937E-1
7.333097391E0,-3.012329340E-1,2.477822155E-1,-4.964043796E-1
7.343097391E0,-2.664135993E-1,7.124216110E-2,-5.080108047E-1
7.353097391E0,-2.584723532E-1,-5.154175684E-2,-4.609741867E-1
7.363097391E0,-3.146719635E-1,-1.211803928E-1,-3.442989290E-1
7.373097424E0,-4.289037585E-1,-1.553888470E-1,-1.928043365E-1
7.383097824E0,-6.042220592E-1,-1.321759671E-1,2.672535367E-3
7.393097824E0,-6.872997880E-1,-1.511127949E-1,9.735664725E-2
7.403097824E0,-7.318929434E-1,-2.042580694E-1,1.737148017E-1
7.413097824E0,-7.520514727E-1,-2.299144119E-1,2.366339266E-1
7.423097824E0,-7.789295316E-1,-1.963168234E-1,2.451860309E-1
7.433097824E0,-7.544949651E-1,-7.597636431E-2,2.396882474E-1
7.443097824E0,-6.787476540E-1,3.336851299E-2,2.433534414E-1
7.453097824E0,-5.999460220E-1,1.384373307E-1,2.433534414E-1
7.463097824E0,-5.663484335E-1,2.581669390E-1,2.610685229E-1
7.473097824E0,-6.042220592E-1,3.333033621E-1,2.616794109E-1
7.483097824E0,-5.932264924E-1,3.559053540E-1,2.366339266E-1
7.493097824E0,-5.290856361E-1,3.107013404E-1,2.054798007E-1
7.503097824E0,-4.649448097E-1,2.557234764E-1,1.743256748E-1
7.513097824E0,-4.515057802E-1,2.520582676E-1,1.999820024E-1
7.523097857E0,-5.388594866E-1,2.007455975E-1,2.286926806E-1
7.533097857E0,-7.832056284E-1,8.223773539E-2,2.238057554E-1
7.543097857E0,-1.206535220E0,1.443169173E-2,1.529453844E-1
7.553097857E0,-1.638416886E0,8.895725012E-2,-5.597052723E-2
7.563097490E0,-1.668349385E0,1.195005104E-1,-3.479641080E-1
7.573097490E0,-1.120403171E0,6.330090761E-2,-6.381251216E-1
7.583097490E0,-3.562107980E-1,9.078984708E-2,-7.945066094E-1
7.593097490E0,3.896556795E-1,1.280526221E-1,-6.595053673E-1
7.603097490E0,9.705885053E-1,3.642284125E-2,-4.560872614E-1
7.613097490E0,1.306564450E0,-6.131559983E-2,-3.485749662E-1
7.623097490E0,1.361542225E0,-6.070473418E-2,-3.271946907E-1
7.633097490E0,1.221654177E0,-3.283400787E-3,-3.143665195E-1
7.643097490E0,9.980774522E-1,1.565342210E-2,-2.709950805E-1
7.653097490E0,7.732790709E-1,-9.369145334E-2,-1.622610837E-1
7.663097490E0,5.399284959E-1,-2.341904640E-1,1.855503209E-2
7.673097490E0,3.249039650E-1,-3.099377453E-1,1.633300930E-1
7.683097490E0,2.045634985E-1,-2.879466116E-1,2.775619030E-1
7.693097490E0,2.858085632E-1,-2.231948823E-1,3.814089894E-1
7.703097490E0,5.497023463E-1,-1.694387496E-1,4.791474342E-1
7.713097490E0,8.551349640E-1,-1.187369302E-1,5.744423866E-1
7.723097490E0,1.031675100E0,-3.321579844E-2,6.605743766E-1
7.733097490E0,1.117807031E0,2.176207490E-2,6.984480619E-1
7.743097490E0,1.062218308E0,3.031418845E-2,6.508005857E-1
7.753097490E0,8.526915312E-1,2.970332280E-2,5.133558512E-1
7.763097123E0,5.197699666E-1,4.986187443E-2,2.812270820E-1
7.773097123E0,1.611920595E-1,1.824196279E-1,-9.544769302E-3
7.783097123E0,-2.230421752E-1,4.004985392E-1,-2.636647224E-1
7.793097123E0,-5.700136423E-1,5.721516609E-1,-5.037347674E-1
7.803097123E0,-7.734317780E-1,5.648213029E-1,-7.040985823E-1
7.813097123E0,-7.648796439E-1,2.807689309E-1,-7.981718183E-1
7.823097089E0,-5.968917012E-1,-9.918924421E-2,-7.480808496E-1
7.833097089E0,-3.965279162E-1,-4.107305110E-1,-6.265186667E-1
7.843097089E0,-3.427717686E-1,-5.817728043E-1,-5.067890882E-1
7.853097089E0,-3.910301030E-1,-5.976552963E-1,-4.047745764E-1
7.863097455E0,-4.728860557E-1,-4.443280995E-1,-4.004985392E-1
7.873097455E0,-5.797874928E-1,-1.914298981E-1,-4.377613068E-1
7.883097455E0,-7.300603390E-1,7.712173741E-3,-4.676937163E-1
7.893097455E0,-8.949939609E-1,1.469894499E-1,-4.860196710E-1
7.903097455E0,-9.029352069E-1,-4.505131394E-3,-4.469242990E-1
7.913097455E0,-6.744716167E-1,-3.618612885E-1,-3.235295117E-1
7.923097455E0,-4.484514594E-1,-5.060254931E-1,-1.146135926E-1
7.933097455E0,-3.177262843E-1,-4.046218693E-1,2.955060638E-2
7.943097455E0,-1.442405581E-1,-5.115996581E-3,9.918924421E-2
7.953097455E0,-6.727153808E-2,2.441170216E-1,1.132391468E-1
7.963097455E0,-3.795000166E-2,3.901138306E-1,8.330674469E-2
7.973097455E0,-5.749769136E-2,4.096615016E-1,3.810271993E-2
7.983097455E0,-1.735620946E-1,3.326924741E-1,-2.542726509E-2
7.993097455E0,-2.847395539E-1,2.691625059E-1,-1.769218445E-1
8.003097455E0,-3.067307174E-1,3.119230568E-1,-3.577379584E-1
8.013097455E0,-2.639701366E-1,2.905427814E-1,-5.116760135E-1
8.023097455E0,-1.894445866E-1,1.708131880E-1,-6.173557043E-1
8.033097455E0,-1.643991023E-1,1.091158018E-1,-6.692792177E-1
8.043097455E0,-2.493093759E-1,8.407033235E-2,-6.961572766E-1
8.053097455E0,-3.562107980E-1,1.928043365E-1,-6.808856726E-1
8.063097821E0,-5.223661661E-1,4.530329406E-1,-6.472880840E-1
8.073097821E0,-6.524804235E-1,5.605452061E-1,-6.350708008E-1
8.083097821E0,-5.791766047E-1,3.388011456E-1,-5.593234897E-1
8.093097821E0,-3.464369476E-1,9.078984708E-2,-4.090506434E-1
8.103097821E0,-7.093672454E-2,1.565342210E-2,-2.001347244E-1
8.113097821E0,1.062141955E-1,4.375322163E-2,7.559457328E-3
8.123097821E0,1.807397604E-1,-3.894265974E-3,1.914298981E-1
8.133097821E0,1.147663072E-1,-6.314819306E-2,3.661373556E-1
8.143097821E0,-4.222606122E-2,1.603521290E-3,5.029711723E-1
8.153097821E0,-1.405753642E-1,8.407033235E-2,6.019313335E-1
8.163097821E0,-1.723403633E-1,7.612907887E-2,7.039458156E-1
8.173097821E0,-1.900554448E-1,3.436116967E-3,8.474991918E-1
8.183097821E0,-1.650099754E-1,-2.726749778E-1,1.073519349E0
8.193097821E0,1.519527286E-2,-5.335144401E-1,1.032591343E0
8.203097821E0,1.899027377E-1,-4.528802335E-1,8.639925122E-1
8.213097821E0,2.424371392E-1,-2.683989108E-1,6.501896977E-1
8.223097821E0,1.618029326E-1,-1.346194297E-1,4.492150247E-1
8.233097821E0,8.361218125E-2,-1.688278764E-1,4.479933083E-1
8.243097821E0,-2.634356357E-2,-4.543310404E-2,4.754822254E-1
8.253097821E0,-1.185842156E-1,2.176207490E-2,3.441462219E-1
8.263097821E0,-2.694679201E-1,1.259909570E-2,1.077413559E-1
8.273097821E0,-4.008039534E-1,7.101308554E-3,-8.773551881E-2
8.283097821E0,-4.551709592E-1,-4.421137273E-2,-1.353830099E-1
8.293097821E0,-4.160755873E-1,-8.086328954E-2,-1.634828150E-1
8.303097821E0,-3.354413807E-1,-8.758280426E-2,-1.763109863E-1
8.313097821E0,-2.004401535E-1,-1.553888470E-1,5.115996581E-3
8.323097421E0,-1.718058437E-2,-2.262492180E-1,2.005928755E-1
8.333097421E0,1.007164046E-1,-3.539200425E-1,1.144608781E-1
8.343097954E0,1.514182240E-1,-3.197115958E-1,-1.320996135E-2
8.353097954E0,2.021200359E-1,-3.203224540E-1,-3.412446082E-1
8.363097954E0,1.532508135E-1,-2.580142021E-1,-6.497315168E-1
8.373097954E0,-6.185010541E-3,-1.278999150E-1,-7.407504916E-1
8.383097887E0,-1.821141988E-1,-3.138320148E-2,-2.954297066E-1
8.393097887E0,-5.070945024E-1,-1.669952869E-1,-4.192062840E-2
8.403097887E0,-5.657375455E-1,-3.209333420E-1,1.611157134E-2
8.413097887E0,-5.956699848E-1,-4.840343595E-1,1.443932652E-1
8.423097887E0,-4.954880774E-1,-7.063893080E-1,4.559345543E-1
8.433097887E0,-2.670244575E-1,-8.248971701E-1,8.878162503E-1
8.443097887E0,1.172097698E-1,-6.514114141E-1,1.110782146E0
8.453097887E0,7.635052204E-1,-1.694387496E-1,5.212971568E-1
8.463098087E0,1.172174096E0,-3.382666409E-2,9.185886383E-2
8.473098087E0,1.028620720E0,-1.761582643E-1,2.732858360E-1
8.483098087E0,4.886158407E-1,-5.164102316E-1,-2.037999183E-1
8.493098087E0,-1.053818941E0,1.603521290E-3,-7.835110426E-1
8.503098087E0,-5.993351340E-1,3.031418845E-2,-7.694611549E-1
8.513098087E0,-3.623194396E-1,-3.026073575E-1,-6.136904955E-1
8.523098120E0,-1.290452853E-2,-3.801872432E-1,-1.995238662E-1
8.533098120E0,2.680934966E-1,-3.099377453E-1,2.317470014E-1
8.543098120E0,1.465312988E-1,-7.047858089E-2,6.795112491E-1
8.553098120E0,-3.000875562E-2,-3.932445124E-2,7.247152328E-1
8.563098153E0,-1.674534380E-1,-3.260493279E-2,5.133558512E-1
8.573098153E0,-1.637882441E-1,7.712173741E-3,1.987602860E-1
8.583098153E0,4.329507425E-2,-1.401172131E-1,-2.237293869E-2
8.593098153E0,1.691333205E-1,-1.175151989E-1,-6.452263892E-2
8.603098153E0,2.522109747E-1,-1.639409661E-1,6.375905871E-2
8.613098153E0,2.143373489E-1,-2.042580694E-1,1.871538460E-1
8.623098553E0,9.094256163E-2,-1.065196246E-1,1.987602860E-1
8.633098553E0,-5.871942267E-2,-1.855503209E-2,1.792125851E-1
8.643098019E0,-2.181552500E-1,7.673994452E-2,1.535562575E-1
8.653098019E0,-2.963460088E-1,1.695914567E-1,1.425606757E-1
8.663098019E0,-2.309834212E-1,1.928043365E-1,1.443932652E-1
8.673098019E0,-6.299547851E-2,1.726457924E-1,1.401172131E-1
8.683098085E0,1.874592751E-1,1.072832122E-1,1.621083617E-1
8.693098085E0,4.501313269E-1,-2.893974073E-2,2.482403666E-1
8.703098085E0,5.625305176E-1,-9.430231899E-2,2.977204621E-1
8.713098085E0,4.489096105E-1,-2.649627998E-2,2.341904640E-1
8.723098085E0,2.039526403E-1,1.054506153E-1,1.462258697E-1
8.733098085E0,-3.489567712E-2,1.830305010E-1,5.093089119E-2
8.743098085E0,-1.760055423E-1,2.099085748E-1,-6.024658307E-2
8.753098085E0,-2.114357352E-1,1.830305010E-1,-1.476003081E-1
8.763097885E0,-1.747838110E-1,9.201157838E-2,-1.976912618E-1
8.773097885E0,-9.109527618E-2,3.817907709E-4,-1.934152097E-1
8.783097885E0,5.421428941E-3,-7.353290170E-2,-1.647045463E-1
8.793097885E0,1.251510233E-1,-1.914298981E-1,-1.140027270E-1
8.803097885E0,3.230713606E-1,-3.869067729E-1,-1.198823005E-2
8.813097885E0,4.654029608E-1,-5.536729693E-1,8.391761035E-2
8.823097851E0,4.366922975E-1,-5.469534397E-1,1.407280862E-1
8.833097851E0,-1.613447815E-1,-4.665483162E-2,1.199586615E-1
8.843097851E0,-6.231589317E-1,6.204100251E-1,-1.451568604E-1
8.853097851E0,-7.764860988E-1,8.482627273E-1,-2.868776023E-1
8.863097817E0,-5.645158291E-1,4.866305292E-1,-2.728276849E-1
8.873097817E0,-2.822960913E-1,1.268308908E-1,-1.384373307E-1
8.883097817E0,1.153008174E-2,-1.138500124E-1,-3.092505224E-2
