"Time (s)","Linear Acceleration x (m/s^2)","Linear Acceleration y (m/s^2)","Linear Acceleration z (m/s^2)"
2.444943400E-2,-2.767741680E-4,7.271766663E-3,9.649991989E-4
3.442868200E-2,5.033731461E-3,-1.480026245E-1,-1.707708836E-2
4.443844700E-2,9.109497070E-3,-2.793979645E-1,-2.647942305E-2
5.441769500E-2,1.156958938E-2,-3.194799423E-1,-2.544420958E-2
6.439694300E-2,-5.951762199E-3,-2.487983704E-1,-1.181602478E-2
7.440670900E-2,-1.619592309E-2,-1.036672592E-1,1.500008702E-1
8.438595700E-2,-2.874928713E-2,-2.537822723E-2,4.219769239E-1
9.436520500E-2,1.623627543E-2,2.437210083E-2,5.935515165E-1
1.043749710E-1,9.282231331E-4,9.584522247E-2,6.399137378E-1
1.143237010E-1,-1.729458570E-3,1.025476456E-1,6.654028893E-1
1.243029490E-1,-4.098653793E-3,9.964752197E-2,1.545476913E-2
1.343127150E-1,4.857182503E-4,-9.441375732E-3,-1.359462738E-3
1.442919630E-1,-7.877910137E-2,-6.519985199E-2,-7.021391392E-2
1.543322460E-1,-5.361610651E-2,-5.856800079E-2,-8.919942379E-2
1.643114940E-1,-7.646322250E-3,-5.185794830E-2,-1.344527006E-1
1.743212600E-1,-4.339218140E-5,9.107589722E-4,1.218318939E-4
1.843310250E-1,-3.920376301E-3,1.165866852E-1,1.419961452E-2
1.943102740E-1,-5.043119192E-3,1.462545395E-1,1.828026772E-2
2.042895220E-1,-4.330575466E-3,1.117534637E-1,1.480817795E-2
2.142687700E-1,-2.972304821E-3,6.422996521E-2,9.685873985E-3
2.242785350E-1,-1.493096352E-5,5.656337738E-2,7.698786259E-2
2.342883010E-1,5.360400677E-2,1.353101730E-1,1.716617346E-1
2.442675490E-1,9.492081404E-2,1.473159790E-1,1.277914047E-1
2.542773150E-1,-1.112341881E-3,2.801895142E-2,3.913402557E-3
2.642870800E-1,-2.744752169E-2,-4.823398590E-2,-1.023073196E-1
2.742968460E-1,-5.583819747E-2,-5.028152466E-2,-1.699868441E-1
2.843066110E-1,-8.644142747E-2,-1.667022705E-2,-2.334221601E-1
2.943163770E-1,1.070976257E-3,-2.215766907E-2,-2.557516098E-3
3.042956250E-1,2.659410238E-3,-4.704093933E-2,-1.713037491E-3
3.143053910E-1,4.001915455E-3,-9.036827087E-2,-1.089942455E-2
3.243151560E-1,6.103578210E-2,-7.118511200E-2,-4.777312279E-2
3.342944040E-1,2.077281326E-1,-3.314781189E-2,1.927495003E-2
3.442736520E-1,2.654274404E-1,1.096725464E-4,8.281481266E-2
3.542834180E-1,2.321037054E-1,4.570293427E-2,2.671520710E-1
3.642626660E-1,2.170787305E-1,1.083612442E-1,4.330329895E-1
3.742724320E-1,1.726990342E-1,1.955032349E-1,4.598706961E-1
3.842821970E-1,1.035785973E-1,2.065782547E-1,3.856601715E-1
3.942919630E-1,1.562429965E-1,1.771774292E-1,1.703759432E-1
4.043017290E-1,2.084473968E-1,4.471111298E-2,-8.941894770E-2
4.143114940E-1,2.455924153E-1,2.910327911E-2,-2.301272750E-1
4.243212600E-1,2.670258284E-1,-3.735733032E-2,-3.297267556E-1
4.343005080E-1,1.890324652E-1,-1.330795288E-1,-3.667949438E-1
4.442797560E-1,1.409672499E-1,-1.716403961E-1,-2.164553404E-1
4.542590040E-1,1.973516941E-1,-1.864738464E-1,-2.038651705E-2
4.642382520E-1,1.474713683E-1,-2.205276489E-1,6.914591789E-2
4.742175000E-1,1.594508588E-1,-5.058307648E-1,1.483194828E-1
4.841967480E-1,2.398883849E-1,-7.739295959E-1,3.581490517E-1
4.942065140E-1,3.057773113E-1,-7.061872482E-1,4.327728152E-1
5.042162790E-1,2.748430967E-1,-4.412279129E-1,3.204956055E-1
5.141955270E-1,2.869942486E-1,-4.316005707E-1,3.127824068E-1
5.241747750E-1,2.789176404E-1,-6.726226807E-1,2.044695020E-1
5.341540240E-1,3.441866636E-1,-8.245487213E-1,-2.033859491E-2
5.441637890E-1,4.114338458E-1,-9.019355774E-1,-1.960567832E-1
5.541735550E-1,4.471190572E-1,-9.983396530E-1,-2.365872860E-1
5.641528030E-1,4.156944454E-1,-1.092399597E0,-1.252665520E-1
5.741625680E-1,3.550583422E-1,-1.090648651E0,5.001127720E-3
5.841723340E-1,3.419770002E-1,-1.146117210E0,3.533247113E-1
5.941515820E-1,3.161747754E-1,-1.268182755E0,5.393638611E-1
6.041308300E-1,3.033822179E-1,-1.459069252E0,7.315392494E-1
6.141100780E-1,2.778370082E-1,-1.591652870E0,9.356573820E-1
6.241198440E-1,2.781127393E-1,-1.727971077E0,8.801593781E-1
6.341296090E-1,2.087893188E-1,-1.958707333E0,5.589734316E-1
6.441393750E-1,6.578984857E-2,-2.324677467E0,1.565562487E-1
6.541186230E-1,-6.599253416E-2,-2.833235264E0,-2.477345467E-1
6.641283890E-1,-8.361425996E-2,-3.386929035E0,-6.498182416E-1
6.741381540E-1,1.896905899E-2,-3.820989132E0,-9.197771549E-1
6.841479200E-1,9.574759007E-2,-4.126524448E0,-1.056056023E0
6.941576860E-1,9.604060650E-2,-4.286650181E0,-1.113109469E0
7.041369340E-1,8.108472824E-2,-4.296457291E0,-9.368910789E-1
7.141466990E-1,9.875163436E-2,-4.263172626E0,-8.373352289E-1
7.241564650E-1,2.070108950E-1,-4.220050812E0,-7.471209764E-1
7.341357130E-1,3.405629098E-1,-4.106814384E0,-8.173187971E-1
7.441454790E-1,4.117401242E-1,-3.908888817E0,-8.434168100E-1
7.541247270E-1,4.508413374E-1,-3.642800808E0,-8.961319923E-1
7.641039750E-1,4.537523389E-1,-3.397452354E0,-9.140654802E-1
7.740832230E-1,4.005655646E-1,-3.194499016E0,-8.296489716E-1
7.840624710E-1,2.342510819E-1,-3.012808323E0,-7.482157946E-1
7.940722360E-1,1.379623413E-1,-2.742517471E0,-6.831989288E-1
8.040820020E-1,9.163326025E-2,-2.449064732E0,-6.575320959E-1
8.140917680E-1,2.189321220E-1,-2.190314770E0,-5.980999470E-1
8.241015330E-1,4.397539496E-1,-1.938159943E0,-5.290607214E-1
8.340807810E-1,5.276046991E-1,-1.843400478E0,-3.938686848E-1
8.440600290E-1,3.677906692E-1,-2.046885967E0,-1.537027359E-1
8.540697950E-1,7.262682915E-2,-2.178671837E0,-7.269144058E-3
8.640795610E-1,-1.299059391E-1,-2.201656342E0,2.476861477E-1
8.740588090E-1,-1.184871197E-1,-2.155661583E0,4.193851948E-1
8.840685740E-1,7.025545835E-2,-2.243947506E0,3.015048504E-1
8.940783400E-1,4.767661691E-1,-2.560087681E0,3.643517494E-1
9.040881060E-1,-1.100290716E-1,-2.860414505E0,-5.315729380E-1
9.140368360E-1,8.233734965E-2,-3.313378334E0,-3.260216713E-1
9.240466020E-1,2.840975225E-1,-3.608981133E0,-1.154756546E-1
9.340258500E-1,3.270009756E-1,-3.685163975E0,4.529213905E-2
9.440356150E-1,3.361404240E-1,-3.412970543E0,5.045058727E-1
9.540453810E-1,4.325258732E-1,-2.765922546E0,1.000314474E0
9.640551470E-1,4.765260518E-1,-1.894351482E0,1.501501799E0
9.740649120E-1,4.506747127E-1,-9.597768784E-1,1.871250868E0
9.840746780E-1,3.870142996E-1,-1.860313416E-1,1.975355387E0
9.940539260E-1,3.747553825E-1,2.871580124E-1,1.870786190E0
1.004063692E0,5.215463638E-1,6.564397812E-1,1.636130095E0
1.014103975E0,3.901681900E-1,9.819993973E-1,1.501237631E0
1.024083223E0,1.190957427E-1,1.164976120E0,1.644500971E0
1.034123506E0,-7.050281763E-2,1.532676697E0,1.925808430E0
1.044133272E0,-9.058856964E-2,1.989865303E0,2.200588226E0
1.054143037E0,2.123067081E-1,2.432551384E0,1.851685762E0
1.064152803E0,2.910537422E-1,2.562596321E0,1.131036282E0
1.074101533E0,8.152484894E-2,2.375241280E0,5.217814445E-1
1.084080781E0,-2.893965244E-1,2.109177589E0,9.042739868E-2
1.094060029E0,-5.533300042E-1,1.858122826E0,-1.160712242E-1
1.104039277E0,-7.580811977E-1,1.640909195E0,-1.187458038E-1
1.114018525E0,-8.223119974E-1,1.352608681E0,9.272813797E-3
1.123997774E0,-6.153602004E-1,1.071944237E0,2.803561687E-1
1.133977022E0,-2.519774437E-1,8.901557922E-1,4.347863197E-1
1.143956270E0,1.794270277E-1,8.068494797E-1,5.012567043E-1
1.153935518E0,1.874241829E-1,8.087091446E-1,3.926901817E-1
1.163945283E0,1.008399725E-1,9.491004944E-1,4.254038334E-1
1.173924531E0,-5.991804600E-2,9.965639114E-1,4.152750969E-1
1.183934297E0,-1.129366159E-1,9.104223251E-1,4.316370487E-1
1.193913545E0,-5.948489904E-2,8.536710739E-1,6.370968819E-1
1.203923311E0,2.057194710E-2,9.247188568E-1,7.345895767E-1
1.213902559E0,2.470489144E-1,1.109635353E0,8.817548752E-1
1.223881807E0,3.367579877E-1,1.254928589E0,1.070033073E0
1.233830537E0,1.946823001E-1,1.246357918E0,1.183262348E0
1.243840303E0,-6.901156902E-2,1.394449234E0,1.247055054E0
1.253850068E0,-1.363448501E-1,1.530570030E0,1.268382072E0
1.263859834E0,-2.121073604E-1,1.591058731E0,1.496541500E0
1.273900117E0,-3.517997265E-1,1.702835083E0,1.888179779E0
1.283909883E0,-4.490418434E-1,1.928926468E0,2.051112175E0
1.293919649E0,-5.679913163E-1,2.194206238E0,2.003944397E0
1.303929414E0,-3.488378525E-1,2.249740601E0,1.991363049E0
1.313908662E0,-1.626856327E-1,2.363830566E0,1.893413544E0
1.323918428E0,-3.534690142E-1,2.585989952E0,1.841056824E0
1.333928193E0,-6.076352000E-1,3.028301239E0,1.739371777E0
1.343937959E0,-9.948615432E-1,3.366131783E0,1.703505039E0
1.353947725E0,-1.153862000E0,3.430877686E0,1.876480103E0
1.363926973E0,-9.375463128E-1,3.392468452E0,2.102794170E0
1.373967256E0,-6.261357665E-1,3.287930489E0,2.152780533E0
1.383977022E0,-2.650155425E-1,3.031908035E0,2.036815643E0
1.393925752E0,-4.998433590E-2,2.909632683E0,1.926742554E0
1.403905000E0,3.541495204E-1,3.066357613E0,1.888638973E0
1.413884248E0,5.885863900E-1,3.282994270E0,1.763967037E0
1.423863496E0,7.509871721E-1,3.488650322E0,1.696139812E0
1.433842744E0,9.230079651E-1,3.819577217E0,1.761798859E0
1.443852510E0,9.695115089E-1,3.934216499E0,1.863536358E0
1.453831758E0,8.902201056E-1,3.826392174E0,1.939665794E0
1.463841524E0,6.664327383E-1,3.847144127E0,2.023871899E0
1.473820772E0,4.457314312E-1,3.903623581E0,2.060381889E0
1.483830537E0,2.024694681E-1,4.088937759E0,2.119236946E0
1.493809785E0,-6.318813562E-2,4.373844147E0,2.155926228E0
1.503789033E0,-4.007304907E-1,4.590391159E0,2.190399647E0
1.513768281E0,-6.316498518E-1,4.767202377E0,2.347547531E0
1.523778047E0,-7.919318676E-1,4.964140892E0,2.433720112E0
1.533757295E0,-7.826580405E-1,5.115909576E0,2.390401363E0
1.543736543E0,-7.652644515E-1,5.193546295E0,2.189233780E0
1.553715791E0,-7.761194706E-1,5.122089386E0,2.140526772E0
1.563725557E0,-6.953865886E-1,5.107900620E0,2.236404896E0
1.573704805E0,-7.233437896E-1,5.059965134E0,2.426660061E0
1.583684053E0,-7.062982917E-1,4.960424423E0,2.591393948E0
1.593663301E0,-6.096202135E-1,4.779081345E0,2.702377319E0
1.603642549E0,-4.485695958E-1,4.397088051E0,2.410631657E0
1.613621797E0,-3.298178315E-1,3.995820999E0,2.009579182E0
1.623631563E0,-2.753525078E-1,3.644422531E0,1.507286549E0
1.633610811E0,-2.311588526E-1,3.446537018E0,8.860888481E-1
1.643590059E0,-3.291515708E-1,3.205063820E0,4.615812302E-1
1.653569307E0,-4.308664501E-1,2.891115189E0,4.906830788E-1
1.663579072E0,-4.241701663E-1,2.602878571E0,1.083933353E0
1.673588838E0,-2.996716797E-1,2.588513374E0,1.526860714E0
1.683568086E0,1.875716448E-2,2.612455368E0,1.895567417E0
1.693577852E0,4.866339266E-1,2.641876221E0,2.213996887E0
1.703587617E0,8.724702597E-1,2.585910797E0,2.078554153E0
1.713566865E0,1.054566383E0,2.401232719E0,1.826675177E0
1.723546113E0,1.061080217E0,2.099316597E0,1.473558187E0
1.733555879E0,9.138501883E-1,1.800673485E0,1.080758095E0
1.743565645E0,8.591137528E-1,1.602923393E0,9.301609993E-1
1.753575410E0,7.738541365E-1,1.368567467E0,9.603462219E-1
1.763554658E0,6.039236784E-1,1.078378677E0,9.875688553E-1
1.773533906E0,4.129618108E-1,9.002733231E-1,1.116704226E0
1.783513154E0,2.710441351E-1,7.991333008E-1,1.118158102E0
1.793492402E0,1.455304623E-1,6.437730789E-1,1.081478357E0
1.803471650E0,-1.308131218E-2,5.162620544E-1,9.493844509E-1
1.813481416E0,-1.071245968E-1,4.881935120E-1,7.510819435E-1
1.823491182E0,-2.660474777E-1,4.378108978E-1,6.072082520E-1
1.833500947E0,-5.839896798E-1,3.935918808E-1,6.284203529E-1
1.843510713E0,-7.251935005E-1,3.750066757E-1,6.720571518E-1
1.853520479E0,-6.683925986E-1,3.288679123E-1,7.181267738E-1
1.863530244E0,-4.977273941E-1,2.455930710E-1,6.897683144E-1
1.873509492E0,-3.123316765E-1,1.680183411E-1,5.231039524E-1
1.883488740E0,-1.368847936E-1,2.172470093E-2,3.336765766E-1
1.893498506E0,-1.828691363E-2,-2.728252411E-1,1.139941216E-1
1.903508272E0,7.405892015E-3,-5.552434921E-1,8.213233948E-2
1.913487520E0,-5.352745205E-2,-8.689012527E-1,1.676349640E-1
1.923466768E0,-1.652186215E-1,-1.194399834E0,3.073964119E-1
1.933446016E0,-4.353273511E-1,-1.270654678E0,5.489774942E-1
1.943455781E0,-4.262390733E-1,-1.166596413E0,8.781098127E-1
1.953435029E0,-2.429780066E-1,-1.167044640E0,9.805632830E-1
1.963414277E0,-1.306672394E-1,-1.350601196E0,8.252029419E-1
1.973424043E0,-3.506108373E-2,-1.683791637E0,5.697430372E-1
1.983433809E0,-7.992767543E-2,-2.068574429E0,1.950067282E-1
1.993443574E0,-2.189218700E-1,-2.512829304E0,-1.279097795E-1
2.003453340E0,-3.607780039E-1,-2.854115009E0,-3.538988829E-1
2.013432588E0,-4.326609373E-1,-3.006545544E0,-3.730787039E-1
2.023411836E0,-5.121188164E-1,-3.039377689E0,-1.622077227E-1
2.033360567E0,-5.645982027E-1,-3.041065216E0,-1.873970032E-3
2.043339815E0,-5.576713085E-1,-3.071092129E0,1.945126057E-2
2.053319063E0,-4.539309442E-1,-3.201148510E0,-5.928874016E-3
2.063298311E0,-3.657745123E-1,-3.352078915E0,-1.702339649E-1
2.073277559E0,-2.475007474E-1,-3.444976330E0,-3.890071511E-1
2.083287324E0,-7.851663977E-2,-3.496756554E0,-5.412331223E-1
2.093266572E0,8.776596189E-2,-3.703938007E0,-5.771491528E-1
2.103276338E0,2.159418166E-1,-3.956278801E0,-6.004923582E-1
2.113255586E0,3.029449880E-1,-4.160483360E0,-4.643414021E-1
2.123265352E0,2.855165899E-1,-4.290006638E0,-2.666847110E-1
2.133244600E0,2.779012918E-1,-4.337657928E0,-1.731644273E-1
2.143223848E0,3.654279113E-1,-4.370487213E0,-1.628015041E-1
2.153203096E0,4.717888236E-1,-4.302412987E0,-8.860146999E-2
2.163182344E0,5.193583965E-1,-4.181271553E0,-1.339105368E-1
2.173192109E0,5.400181413E-1,-4.114942551E0,-9.674805403E-2
2.183201875E0,6.167591810E-1,-4.117836952E0,-1.303960383E-1
2.193150606E0,7.261959910E-1,-4.204396248E0,-2.745478153E-1
2.203160371E0,6.420651674E-1,-4.329069614E0,-2.808054686E-1
2.213170137E0,4.572019279E-1,-4.393632412E0,-3.055474162E-1
2.223149385E0,2.814025879E-1,-4.230478287E0,-4.371705651E-1
2.233128633E0,1.431656331E-1,-3.858784199E0,-5.822627544E-1
2.243138399E0,-8.100450039E-3,-3.503615856E0,-6.645188332E-1
2.253117647E0,-9.322583675E-2,-3.198522091E0,-5.518528223E-1
2.263127412E0,-7.284574956E-2,-2.943466663E0,-2.840076685E-1
2.273106660E0,-9.853870422E-2,-2.757598400E0,-2.339133620E-2
2.283085908E0,-1.682236493E-1,-2.672004700E0,1.838413775E-1
2.293095674E0,-3.093614280E-1,-2.588523388E0,2.701391578E-1
2.303105440E0,-4.268871546E-1,-2.586179733E0,1.004905701E-1
2.313084688E0,-5.418416858E-1,-2.691334724E0,-1.395469755E-1
2.323063936E0,-3.891983628E-1,-2.614332199E0,-3.954565227E-1
2.333043184E0,-1.064554751E-1,-2.261859417E0,-5.170507431E-1
2.343022432E0,1.088949665E-1,-1.780050278E0,-5.754740238E-1
2.353001680E0,3.255908489E-1,-1.547243118E0,-5.339394808E-1
2.362980928E0,3.710685372E-1,-1.637702942E0,-3.952617943E-1
2.372960176E0,2.645608783E-1,-1.900521278E0,-2.579892576E-1
2.382939424E0,1.406245828E-1,-2.160850048E0,-1.699145585E-1
2.392949190E0,1.217716932E-1,-2.392215252E0,-9.799629450E-3
2.402958955E0,1.992281675E-1,-2.642376900E0,6.527325511E-2
2.412968721E0,3.293905258E-1,-2.942269802E0,2.156352401E-1
2.422978486E0,3.910372555E-1,-3.193659782E0,3.930684626E-1
2.432957734E0,4.516862035E-1,-3.413058758E0,5.000361204E-1
2.442936983E0,4.473575652E-1,-3.624294758E0,4.856858253E-1
2.452946748E0,3.332017362E-1,-3.808017254E0,3.215007782E-1
2.462956514E0,3.156663775E-1,-4.031356335E0,1.120029092E-1
2.472966279E0,3.168778121E-1,-4.303828716E0,-1.898589730E-1
2.482976045E0,2.889255285E-1,-4.486770153E0,-6.013066769E-1
2.492955293E0,3.392037749E-1,-4.601692200E0,-5.629994869E-1
2.502934541E0,3.874936104E-1,-4.679900646E0,-4.458680749E-1
2.512883272E0,3.770921826E-1,-4.663820744E0,-3.430833220E-1
2.522862520E0,3.739715517E-1,-4.596673965E0,-2.561162710E-1
2.532872285E0,3.380554616E-1,-4.566698551E0,-3.049443960E-1
2.542851533E0,3.711869121E-1,-4.583424568E0,-2.741445303E-1
2.552861299E0,5.024610162E-1,-4.518972874E0,-2.989033461E-1
2.562871065E0,6.125943065E-1,-4.420810223E0,-2.127121687E-1
2.572850313E0,7.398381233E-1,-4.155090332E0,-4.069806337E-1
2.582829561E0,7.589628100E-1,-3.789808750E0,-7.341650724E-1
2.592808809E0,7.106193304E-1,-3.413687706E0,-1.032961369E0
2.602818574E0,7.041496038E-1,-2.993682861E0,-1.124104977E0
2.612797822E0,7.103840709E-1,-2.517970085E0,-9.593420029E-1
2.622777070E0,6.232058406E-1,-1.941141129E0,-6.608192921E-1
2.632756318E0,4.335501194E-1,-1.322212219E0,-3.732724190E-1
2.642735567E0,1.768232882E-1,-8.596296310E-1,-3.747749329E-2
2.652745332E0,-3.186523914E-3,-6.006479263E-1,1.916329861E-1
2.662755098E0,-2.795022726E-2,-3.904113770E-1,2.431943417E-1
2.672764863E0,1.365602463E-1,-2.368803024E-1,5.533027649E-2
2.682744111E0,2.084257305E-1,-1.112709045E-1,-3.122065067E-1
2.692723359E0,2.872416675E-1,1.344108582E-2,-7.234377861E-1
2.702733125E0,4.296981096E-1,1.926221848E-1,-8.835773468E-1
2.712742891E0,5.171805620E-1,4.664125443E-1,-9.647021294E-1
2.722752656E0,5.136076808E-1,8.056488037E-1,-8.972928524E-1
2.732762422E0,3.721212447E-1,9.766693115E-1,-7.040815353E-1
2.742741670E0,1.204815209E-1,9.691991806E-1,-2.682824135E-1
2.752751436E0,-2.363315523E-1,9.146814346E-1,2.939400673E-1
2.762730684E0,-5.688322783E-1,8.824348450E-1,9.187622070E-1
2.772709932E0,-7.716229558E-1,9.507837296E-1,1.491362095E0
2.782719697E0,-9.298174381E-1,1.082472801E0,2.071119308E0
2.792698945E0,-9.815123677E-1,1.158274651E0,2.481965303E0
2.802708711E0,-7.855825424E-1,1.362282753E0,2.789213419E0
2.812718477E0,-4.096908569E-1,1.449242592E0,2.540799379E0
2.822697725E0,-1.422461271E-1,1.254411697E0,2.026717901E0
2.832646455E0,1.089132130E-1,8.767204285E-1,1.378180981E0
2.842625703E0,2.323561013E-1,5.693092346E-1,7.358660698E-1
2.852604951E0,3.640496135E-1,4.752674103E-1,3.763968945E-1
2.862584199E0,3.307122588E-1,5.115938187E-1,4.749231339E-1
2.872593965E0,2.800999582E-1,5.844430923E-1,9.188196659E-1
2.882603731E0,2.555730045E-1,7.534589767E-1,1.492174149E0
2.892582979E0,1.172878444E-1,1.094792366E0,1.699657679E0
2.902562227E0,6.130871177E-2,1.493763924E0,1.682404995E0
2.912541475E0,6.094402075E-2,1.772119522E0,1.460472345E0
2.922551240E0,4.553163052E-2,1.908314705E0,9.178946018E-1
2.932530488E0,6.255364418E-2,1.840064049E0,3.981163502E-1
2.942509736E0,-4.324933887E-2,1.761268616E0,1.101121902E-1
2.952488984E0,-1.926465631E-1,1.819410324E0,4.128360748E-2
2.962468233E0,-4.606079459E-1,1.897107124E0,2.322103977E-1
2.972477998E0,-7.211066484E-1,2.017284393E0,7.179079056E-1
2.982487764E0,-8.889764547E-1,2.346620560E0,1.315446854E0
2.992497529E0,-1.076050997E0,2.805566788E0,1.709449291E0
3.002476777E0,-1.283865452E0,3.159950256E0,1.841287136E0
3.012486543E0,-1.397434473E0,3.356962204E0,1.780476093E0
3.022496309E0,-1.375469804E0,3.575111389E0,1.557872295E0
3.032475557E0,-1.106351495E0,3.856913567E0,1.399655342E0
3.042454805E0,-6.865237355E-1,3.947936058E0,1.465105534E0
3.052434053E0,-1.894086301E-1,4.037364960E0,1.665563583E0
3.062443818E0,2.778246999E-1,4.185663223E0,2.023701191E0
3.072423067E0,5.317457318E-1,4.216421127E0,2.229133606E0
3.082432832E0,8.773099184E-1,4.103516579E0,2.530487061E0
3.092412080E0,3.868307471E-1,3.918124199E0,1.921049118E0
3.102391328E0,3.691211939E-1,3.781492233E0,2.176843166E0
3.112370576E0,3.428773284E-1,3.696089745E0,2.268170834E0
3.122380342E0,4.307474792E-1,3.781204224E0,2.102335453E0
3.132359590E0,5.184158087E-1,3.955452919E0,1.987976074E0
3.142369356E0,5.019572973E-1,4.054164886E0,2.086714745E0
3.152348604E0,4.468238652E-1,4.054235458E0,2.219750881E0
3.162327852E0,4.235574305E-1,4.066753387E0,2.337331295E0
3.172307100E0,3.130168915E-1,3.962795258E0,2.335802555E0
3.182316865E0,1.057227701E-1,3.737586975E0,2.325473309E0
3.192326631E0,-4.537031054E-2,3.577620506E0,2.290268898E0
3.202305879E0,-1.800939739E-1,3.551370621E0,2.287283897E0
3.212315645E0,-2.752737403E-1,3.713402748E0,2.310305595E0
3.222325410E0,-1.534910500E-1,4.025468826E0,2.260890484E0
3.232274141E0,-6.567454338E-2,4.247711182E0,2.240358829E0
3.242283906E0,-1.476940811E-1,4.210051537E0,2.227240086E0
3.252293672E0,-3.726880848E-1,4.168232918E0,2.114768028E0
3.262303438E0,-5.064613223E-1,4.062449455E0,1.986825943E0
3.272282686E0,-5.360950232E-1,3.974097252E0,1.893823147E0
3.282261934E0,-4.456045628E-1,3.850515366E0,1.823768616E0
3.292271699E0,-3.346773386E-1,3.677470207E0,1.742827892E0
3.302250947E0,-2.275786102E-1,3.537297249E0,1.821429729E0
3.312260713E0,-7.220554352E-2,3.444844246E0,1.979508877E0
3.322270479E0,5.161929131E-2,3.436944962E0,2.016277313E0
3.332280244E0,1.727927029E-1,3.460719109E0,2.037545681E0
3.342259492E0,2.868035436E-1,3.365273476E0,2.009928703E0
3.352269258E0,3.353536725E-1,3.192621231E0,1.825704575E0
3.362279024E0,2.626078725E-1,2.949467659E0,1.629774809E0
3.372288789E0,2.800137401E-1,2.585056305E0,1.581499100E0
3.382298555E0,3.351496458E-1,2.115850449E0,1.478265524E0
3.392277803E0,3.996231556E-1,1.809616089E0,1.191840649E0
3.402257051E0,4.517008662E-1,1.721828461E0,9.632565975E-1
3.412266817E0,6.222304106E-1,1.747184753E0,8.476583958E-1
3.422276582E0,7.586482167E-1,1.822062492E0,7.349593639E-1
3.432286348E0,7.957621813E-1,1.889226913E0,7.227783203E-1
3.442265596E0,6.952627897E-1,1.824746132E0,7.474365234E-1
3.452244844E0,4.655532837E-1,1.693780899E0,7.980034351E-1
3.462254609E0,2.946069241E-1,1.604373932E0,8.809015751E-1
3.472203340E0,1.251873523E-1,1.439386368E0,8.519644737E-1
3.482213106E0,-5.271364003E-2,1.113114357E0,8.558685780E-1
3.492192354E0,-2.433463931E-1,7.662000656E-1,6.811311245E-1
3.502171602E0,-3.994399011E-1,5.516738892E-1,4.455912113E-1
3.512150850E0,-3.641678095E-1,4.803504944E-1,2.555456161E-1
3.522130098E0,-1.745452583E-1,6.139774323E-1,8.386802673E-2
3.532139863E0,8.679127321E-3,7.671442032E-1,-7.076478004E-2
3.542149629E0,5.303191766E-2,5.638122559E-1,-1.378669739E-1
3.552159395E0,-6.863032281E-2,4.946708679E-2,-1.070346832E-1
3.562138643E0,-1.853254437E-1,-5.494823456E-1,-7.043814659E-2
3.572117891E0,-2.013644278E-1,-1.045355797E0,-6.668257713E-2
3.582127656E0,-9.464169294E-2,-1.343281746E0,6.417727470E-2
3.592106904E0,-1.129465774E-1,-1.665208340E0,1.777558327E-1
3.602116670E0,-2.310134321E-1,-1.988723278E0,2.483079433E-1
3.612126436E0,-3.266146183E-1,-2.175202370E0,1.943266392E-1
3.622136201E0,-3.218935728E-1,-2.086021900E0,1.116704941E-1
3.632084932E0,-2.787147760E-1,-1.932519436E0,1.101694107E-1
3.642094697E0,-2.495280057E-1,-1.839729309E0,1.342954636E-1
3.652073945E0,-2.379595935E-1,-1.808385372E0,1.415238380E-1
3.662053193E0,-1.886291653E-1,-1.802875042E0,9.948801994E-2
3.672032442E0,-4.403933883E-2,-1.792739391E0,2.548766136E-2
3.682011690E0,1.216426641E-1,-1.771132469E0,7.389307022E-3
3.692021455E0,2.865037322E-1,-1.774127483E0,8.929681778E-2
3.702031221E0,3.563504219E-1,-1.854024887E0,1.500970125E-1
3.712010469E0,3.187808990E-1,-2.060680866E0,1.568391323E-1
3.721989717E0,2.057460099E-1,-2.247308254E0,5.128622055E-3
3.731999483E0,-7.511258125E-3,-2.329792976E0,-1.503646374E-2
3.741978731E0,-1.804476082E-1,-2.370134354E0,-2.055048943E-2
3.751988496E0,-2.236956507E-1,-2.380519867E0,2.749931812E-2
3.761998262E0,-3.072882891E-1,-2.315837383E0,-1.301139593E-1
3.772008027E0,-3.886280060E-1,-2.351284981E0,-2.469408512E-1
3.782017793E0,-4.170728922E-1,-2.506575108E0,-2.600475550E-1
3.791966524E0,-2.636587024E-1,-2.643257618E0,-3.848055601E-1
3.801976289E0,-7.237432897E-2,-2.780622482E0,-5.530878305E-1
3.811986055E0,1.292157322E-1,-2.997082710E0,-6.456446648E-1
3.821965303E0,2.034359723E-1,-3.188619137E0,-8.252097964E-1
3.831944551E0,2.465316206E-1,-3.284387112E0,-8.874590397E-1
3.841954317E0,2.785230875E-1,-3.291072369E0,-8.583408594E-1
3.851964082E0,2.167357355E-1,-3.203933716E0,-8.592740893E-1
3.861943330E0,1.352002174E-1,-3.159136295E0,-7.943994403E-1
3.871953096E0,4.111367464E-2,-3.147241592E0,-5.768333673E-1
3.881932344E0,-3.921777010E-2,-3.065421581E0,-4.476835728E-1
3.891911592E0,-1.030938774E-1,-2.916342258E0,-3.092980385E-1
3.901921358E0,-1.751296371E-1,-2.843933582E0,-1.832315922E-1
3.911931123E0,9.822714329E-2,-2.793377876E0,-2.657409310E-1
3.921910371E0,-1.478691399E-1,-3.059049129E0,-3.175778985E-1
3.931920137E0,-1.357139945E-1,-3.301126003E0,-6.411793232E-1
3.941929902E0,-1.236829460E-1,-3.469147205E0,-1.024864912E0
3.951878633E0,-2.216480672E-1,-3.526942730E0,-1.295743227E0
3.961888399E0,-2.484992594E-1,-3.428786278E0,-1.164328098E0
3.971898164E0,-2.451129705E-1,-3.217576981E0,-8.939048052E-1
3.981877412E0,-3.265661001E-1,-2.919302464E0,-5.967935324E-1
3.991856660E0,-4.076512754E-1,-2.545785427E0,-1.872049570E-1
4.001866426E0,-5.073160529E-1,-2.257373810E0,1.816024780E-1
4.011876192E0,-5.541752577E-1,-2.173753262E0,3.478776217E-1
4.021855440E0,-5.346944928E-1,-2.146614552E0,3.977555633E-1
4.031865205E0,-5.265520811E-1,-2.173703194E0,4.925531745E-1
4.041844453E0,-5.132160783E-1,-2.264935017E0,4.848237634E-1
4.051823701E0,-5.189034343E-1,-2.446805000E0,3.484803438E-1
4.061802949E0,-5.350853801E-1,-2.693171024E0,2.665964365E-1
4.071812715E0,-5.249732733E-1,-2.889200211E0,2.543685436E-1
4.081822481E0,-4.895256758E-1,-3.046886921E0,2.123124599E-1
4.091832246E0,-4.903481305E-1,-3.216315269E0,2.089542747E-1
4.101811494E0,-4.739185274E-1,-3.311115742E0,3.034094572E-1
4.111760225E0,-4.294041097E-1,-3.330984592E0,3.260163069E-1
4.121769990E0,-3.460901380E-1,-3.423989296E0,1.954731941E-1
4.131749238E0,-2.791455984E-1,-3.570505142E0,-2.420341969E-2
4.141728486E0,-3.211665750E-1,-3.665065765E0,-9.813249111E-2
4.151707734E0,-2.903847694E-1,-3.666995525E0,-1.592139006E-1
4.161686983E0,-1.708889157E-1,-3.576782227E0,-1.933587790E-1
4.171696748E0,2.085649967E-2,-3.310879230E0,-2.939391136E-1
4.181706514E0,2.124006748E-1,-2.960890293E0,-3.296020031E-1
4.191655244E0,2.741771340E-1,-2.699307919E0,-3.018712997E-1
4.201665010E0,2.884295285E-1,-2.547953129E0,-4.104801416E-1
4.211674775E0,2.332800329E-1,-2.492300987E0,-5.132364035E-1
4.221684541E0,1.308769286E-1,-2.498620033E0,-4.633743763E-1
4.231694307E0,-3.676378727E-2,-2.530657768E0,-3.563877344E-1
4.241673555E0,-1.915239990E-1,-2.600471020E0,-2.758553028E-1
4.251652803E0,-3.272993863E-1,-2.734370708E0,-2.508002520E-1
4.261632051E0,-3.979731798E-1,-2.848818302E0,-2.656806707E-1
4.271641817E0,-3.739706874E-1,-2.814478397E0,-4.884433746E-1
4.281621065E0,-2.750748098E-1,-2.631483555E0,-8.776944876E-1
4.291630830E0,-1.543368697E-1,-2.476760387E0,-1.130344868E0
4.301640596E0,-8.015869558E-2,-2.383900642E0,-1.162104607E0
4.311619844E0,-2.210208774E-2,-2.218743324E0,-9.206084013E-1
4.321599092E0,5.470408499E-2,-1.940530300E0,-6.118793488E-1
4.331608858E0,1.162537932E-1,-1.656619549E0,-3.593969345E-1
4.341588106E0,1.035891250E-1,-1.479364872E0,-2.977039814E-1
4.351597871E0,4.553440958E-2,-1.415660381E0,-2.672898769E-1
4.361577119E0,-1.461320817E-1,-1.444259644E0,-3.507666588E-1
4.371556367E0,-2.691076100E-1,-1.503041267E0,-5.165355206E-1
4.381535615E0,-2.193706334E-1,-1.530192852E0,-6.985270977E-1
4.391545381E0,-1.072578728E-1,-1.504181862E0,-7.626218796E-1
4.401555147E0,7.462137938E-2,-1.399064064E0,-6.885428429E-1
4.411534395E0,2.804527283E-1,-1.197575569E0,-5.161578655E-1
4.421513643E0,3.878083527E-1,-1.014320374E0,-4.115769863E-1
4.431462373E0,2.862441540E-1,-9.465885162E-1,-2.957527637E-1
4.441472139E0,7.258534431E-2,-8.243961334E-1,-2.857275009E-1
4.451451387E0,-1.247895807E-1,-7.197322845E-1,-4.574186802E-1
4.461430635E0,-2.239284366E-1,-6.577014923E-1,-4.532763958E-1
4.471440400E0,-1.567968428E-1,-5.266084671E-1,-5.465612411E-1
4.481450166E0,-2.310790122E-2,-2.612037659E-1,-5.966253281E-1
4.491429414E0,2.039581090E-1,1.357402802E-1,-5.216376781E-1
4.501408662E0,4.038584828E-1,5.269346237E-1,-2.532246113E-1
4.511387910E0,5.243218541E-1,5.945463181E-1,-5.431771278E-2
4.521397676E0,4.414190948E-1,3.988313675E-1,1.456594467E-1
4.531407442E0,2.974618673E-1,3.215990067E-1,4.518146515E-1
4.541386690E0,1.743948907E-1,3.471708298E-1,6.463074684E-1
4.551365938E0,2.627308667E-2,2.895870209E-1,9.070606232E-1
4.561345186E0,-1.170590520E-2,3.622016907E-1,1.168983936E0
4.571354951E0,2.525383234E-2,6.895494461E-1,1.422605515E0
4.581364717E0,1.461364627E-1,1.256072998E0,1.600959301E0
4.591313447E0,2.871717811E-1,1.785998344E0,1.671141148E0
4.601323213E0,4.582986236E-1,2.094552994E0,1.784370899E0
4.611332979E0,5.685029030E-1,2.107672691E0,1.858535767E0
4.621312227E0,5.091824532E-1,1.861262321E0,1.843158245E0
4.631291475E0,4.416537881E-1,1.422651291E0,1.716331482E0
4.641270723E0,3.011782765E-1,9.988422394E-1,1.306224823E0
4.651280488E0,2.366774529E-1,7.822418213E-1,1.147900105E0
4.661290254E0,1.293935776E-1,7.254257202E-1,1.046663761E0
4.671269502E0,-1.118731499E-2,8.569984436E-1,1.010038376E0
4.681248750E0,-2.341602147E-1,9.464368820E-1,1.051341057E0
4.691258516E0,-4.998308420E-1,1.051205635E0,1.079550266E0
4.701268281E0,-6.577603817E-1,1.225885391E0,1.299149036E0
4.711247529E0,-5.834433436E-1,1.446846962E0,1.398071766E0
4.721226777E0,-5.016251206E-1,1.661178589E0,1.350236893E0
4.731236543E0,-3.532114029E-1,1.866408348E0,1.366388798E0
4.741215791E0,-2.570835352E-1,2.119220734E0,1.313672543E0
4.751195039E0,-2.042380571E-1,2.343039513E0,1.340346336E0
4.761204805E0,-2.996690273E-1,2.466302872E0,1.656630993E0
4.771184053E0,-4.856613278E-1,2.614971161E0,1.919991493E0
4.781163301E0,-6.721047759E-1,2.832032204E0,2.003997803E0
4.791173067E0,-7.872193456E-1,3.060245514E0,1.906219959E0
4.801182832E0,-6.301591992E-1,3.293550491E0,1.830265522E0
4.811162080E0,-3.164306283E-1,3.564139366E0,1.682513237E0
4.821171846E0,-1.727274060E-1,3.831987381E0,1.621250629E0
4.831151094E0,-6.368529797E-2,4.036317825E0,1.571096420E0
4.841130342E0,-6.868499517E-2,4.183661461E0,1.702898979E0
4.851109590E0,-4.186272621E-2,4.289077759E0,1.838201523E0
4.861088838E0,6.434956193E-2,4.404644012E0,1.917986393E0
4.871098604E0,1.153533161E-1,4.401744843E0,1.921905518E0
4.881108369E0,9.368279576E-2,4.393891335E0,2.020894527E0
4.891087617E0,1.854034662E-1,4.422480583E0,2.163709641E0
4.901066865E0,3.563828468E-1,4.571718216E0,2.187036037E0
4.911015596E0,4.652372003E-1,4.837746620E0,2.316800594E0
4.920994844E0,4.995970130E-1,5.096807480E0,2.408112049E0
4.931004609E0,3.722407818E-1,5.198536873E0,2.553483486E0
4.940983858E0,1.163200140E-1,5.139667511E0,2.739927769E0
4.950993623E0,-1.277643740E-1,5.047969818E0,2.790255070E0
4.961003389E0,-3.014281392E-1,5.039022446E0,2.661708355E0
4.970982637E0,-3.592237532E-1,5.013665199E0,2.554673672E0
4.980961885E0,-3.603976369E-1,5.067452431E0,2.414597988E0
4.990941133E0,-4.290319085E-1,5.176632881E0,2.404169083E0
5.000950899E0,-5.239670277E-1,5.191958427E0,2.621521950E0
5.010930147E0,-6.049586535E-1,5.222566605E0,3.016520500E0
5.020909395E0,-5.808843970E-1,5.395207405E0,3.391480446E0
5.030888643E0,-5.911870003E-1,5.445424080E0,3.734488964E0
5.040898408E0,-6.191297770E-1,5.230692863E0,3.887865543E0
5.050908174E0,-5.758973360E-1,4.872723579E0,3.627119064E0
5.060887422E0,-4.916517437E-1,4.401199341E0,3.084077358E0
5.070897188E0,-3.055732846E-1,3.988103867E0,2.232613564E0
5.080906953E0,-9.038001299E-3,3.662416458E0,1.462223053E0
5.090916719E0,3.092028797E-1,3.426780701E0,1.021197796E0
5.100895967E0,5.213781595E-1,3.307520866E0,9.027099609E-1
5.110905733E0,5.852664709E-1,3.296083450E0,1.038197994E0
5.120915498E0,6.741169691E-1,3.296650887E0,1.363709927E0
5.130894746E0,6.332085133E-1,3.124609947E0,1.724430561E0
5.140873994E0,5.215912461E-1,2.861263275E0,1.979328632E0
5.150853242E0,3.589451313E-1,2.469325066E0,1.941828728E0
5.160863008E0,1.040641963E-1,2.002573967E0,1.597529888E0
5.170842256E0,-1.881055534E-1,1.453127861E0,1.211047649E0
5.180852022E0,-4.600166678E-1,9.421920776E-1,7.315073013E-1
5.190831270E0,-5.900138021E-1,5.514650345E-1,3.285779953E-1
5.200841035E0,-5.104352236E-1,3.657388687E-1,1.226773262E-1
5.210850801E0,-4.119426906E-1,2.473316193E-1,-6.540822983E-2
5.220830049E0,-3.172097802E-1,1.222667694E-1,-1.354572773E-1
5.230778779E0,-2.357921600E-1,-2.993774414E-2,-1.060795784E-2
5.240788545E0,-1.897991002E-1,-1.168870926E-1,2.987759113E-1
5.250798311E0,-1.540636420E-1,-1.712179184E-1,6.348624229E-1
5.260777559E0,-7.258111238E-2,-2.902040482E-1,6.982958317E-1
5.270756807E0,-6.140708923E-3,-4.593982697E-1,6.800665855E-1
5.280766572E0,9.687381983E-2,-6.410732269E-1,6.123604774E-1
5.290776338E0,1.878480911E-1,-8.479309082E-1,4.512548447E-1
5.300755586E0,1.956492960E-1,-9.484624863E-1,2.136046886E-1
5.310765352E0,1.798534393E-1,-1.007941246E0,1.211633682E-1
5.320775117E0,1.472285092E-1,-1.081438065E0,-3.684782982E-2
5.330754365E0,8.339053392E-2,-1.128475189E0,-1.689050198E-1
5.340733613E0,1.268478334E-1,-1.213892937E0,-1.080608368E-2
5.350712861E0,2.169369608E-1,-1.340918064E0,-4.120063782E-2
5.360692109E0,8.430135250E-2,-1.488132954E0,-2.282602787E-1
5.370701875E0,2.835065126E-3,-1.668289185E0,-2.892699242E-1
5.380711641E0,4.489478469E-2,-1.823704243E0,-2.316248417E-1
5.390690889E0,1.376103461E-1,-1.959100723E0,-2.180690765E-1
5.400700654E0,2.562273741E-1,-2.071556568E0,-1.397833824E-1
5.410679902E0,3.345454037E-1,-2.179784775E0,-4.590010643E-2
5.420689668E0,4.031292498E-1,-2.260997772E0,1.418948174E-2
5.430699434E0,3.776680827E-1,-2.441680431E0,7.012414932E-2
5.440678682E0,2.813860774E-1,-2.610849857E0,1.258497238E-1
5.450688447E0,1.692784280E-1,-2.653493404E0,5.375218391E-2
5.460698213E0,9.120659530E-2,-2.643453598E0,5.522966385E-3
5.470677461E0,9.321574867E-2,-2.708085537E0,-1.992058754E-2
5.480656709E0,5.937252939E-2,-2.917173386E0,-9.323883057E-2
5.490666475E0,5.041062832E-3,-3.175838947E0,-8.901095390E-2
5.500676240E0,4.999712110E-3,-3.439156055E0,-8.163881302E-2
5.510686006E0,-1.109827310E-1,-3.688692093E0,-1.064801216E-1
5.520695772E0,-2.787691653E-1,-3.946135998E0,-1.100790501E-1
5.530675020E0,-4.985410571E-1,-4.175471783E0,-1.715786457E-1
5.540654268E0,-6.635486484E-1,-4.452895164E0,-1.535708904E-1
5.550602998E0,-7.683328390E-1,-4.663142204E0,-1.052775383E-1
5.560582246E0,-7.496788502E-1,-4.805595398E0,-2.377886772E-1
5.570561494E0,-6.784174442E-1,-4.994987965E0,-5.569579601E-1
5.580540742E0,-6.076266170E-1,-5.293184757E0,-9.140691757E-1
5.590550508E0,-4.961224496E-1,-5.525499821E0,-1.234633565E0
5.600560274E0,-2.567784190E-1,-5.593678474E0,-1.277237773E0
5.610539522E0,1.680991501E-1,-5.423692226E0,-1.203472137E0
5.620518770E0,4.908389449E-1,-5.039570808E0,-9.503694773E-1
5.630498018E0,6.215108633E-1,-4.602025032E0,-7.340502143E-1
5.640507783E0,6.416897774E-1,-3.967513561E0,-4.752514362E-1
5.650517549E0,6.500213742E-1,-3.256124020E0,-2.348617315E-1
5.660527315E0,6.613910198E-1,-2.542354107E0,-2.136868238E-1
5.670506563E0,8.764803410E-1,-2.116370678E0,-2.768557072E-1
5.680485811E0,8.761527538E-1,-1.944722176E0,-4.566229582E-1
5.690465059E0,6.587514877E-1,-1.964771271E0,-7.750777602E-1
5.700474824E0,4.601818323E-1,-1.979365349E0,-8.635615706E-1
5.710423555E0,2.779631019E-1,-1.846506596E0,-8.529444933E-1
5.720433320E0,9.959623218E-2,-1.649329185E0,-7.948109508E-1
5.730412568E0,-1.611223221E-1,-1.442735672E0,-6.872791648E-1
5.740391817E0,-3.495604992E-1,-1.243535995E0,-5.747984052E-1
5.750401582E0,-3.309891522E-1,-1.095233917E0,-4.561395645E-1
5.760411348E0,-2.184619606E-1,-1.079869270E0,-4.534361362E-1
5.770421113E0,-8.007976413E-2,-1.178860664E0,-4.455957413E-1
5.780430879E0,3.077641129E-2,-1.326653481E0,-3.594051600E-1
5.790410127E0,1.097850502E-1,-1.484670639E0,-6.491839886E-2
5.800389375E0,1.809006333E-1,-1.782721519E0,1.889491081E-1
5.810399141E0,2.055932879E-1,-2.243505478E0,2.171487808E-1
5.820408906E0,2.509136200E-1,-2.708687782E0,8.014345169E-2
5.830418672E0,2.007258534E-1,-3.146421909E0,-2.111738920E-1
5.840397920E0,1.517092884E-1,-3.520340919E0,-4.789557457E-1
5.850377168E0,1.751781404E-1,-3.920857430E0,-7.561289072E-1
5.860386934E0,1.240323484E-1,-4.237588406E0,-9.804354310E-1
5.870366182E0,1.606673002E-2,-4.326406956E0,-1.155253053E0
5.880375947E0,-8.279621601E-2,-4.264520168E0,-9.746748209E-1
5.890385713E0,-4.359054565E-2,-4.028412342E0,-7.497432232E-1
5.900364961E0,8.161970973E-2,-3.748507500E0,-6.981953382E-1
5.910374727E0,1.318124831E-1,-3.609857082E0,-7.605267763E-1
5.920384492E0,1.435406208E-1,-3.515097618E0,-8.960188627E-1
5.930363740E0,1.844208837E-1,-3.444726467E0,-9.508551359E-1
5.940342988E0,2.417040467E-1,-3.379267693E0,-9.095323086E-1
5.950322236E0,2.729261518E-1,-3.301280975E0,-7.769562006E-1
5.960332002E0,3.126419187E-1,-3.303841591E0,-7.886121273E-1
5.970311250E0,3.749907017E-1,-3.384500980E0,-7.914285660E-1
5.980290498E0,4.255222976E-1,-3.486218929E0,-7.529861927E-1
5.990239229E0,3.671257794E-1,-3.479969025E0,-6.535804272E-1
6.000248994E0,3.019441664E-1,-3.392595768E0,-6.283285618E-1
6.010258760E0,2.670471668E-1,-3.300611496E0,-8.239755630E-1
6.020268525E0,1.035543382E-1,-3.323972225E0,-9.934375286E-1
6.030217256E0,-5.852204561E-2,-3.428860664E0,-1.068166018E0
6.040227022E0,-2.825658023E-1,-3.524197102E0,-1.141678572E0
6.050206270E0,-3.816565573E-1,-3.573597908E0,-1.104819298E0
6.060185518E0,-3.243027031E-1,-3.605950832E0,-1.072044849E0
6.070164766E0,-2.693549991E-1,-3.555736542E0,-9.664790630E-1
6.080144014E0,-2.586984634E-1,-3.312373161E0,-7.938263416E-1
6.090153779E0,-3.010401428E-1,-2.965835571E0,-6.066279411E-1
6.100163545E0,-3.643192351E-1,-2.647489548E0,-4.914073944E-1
6.110173311E0,-4.772774875E-1,-2.337718010E0,-4.273142815E-1
6.120183076E0,-4.076976180E-1,-1.898141861E0,-3.385198116E-1
6.130162324E0,-2.120531797E-1,-1.290888309E0,-2.597186565E-1
6.140172090E0,-1.424962282E-2,-6.796903610E-1,-2.725765705E-1
6.150181856E0,2.659146190E-1,-1.890954971E-1,-2.740826607E-1
6.160191621E0,5.022852421E-1,1.847124100E-1,-1.402206421E-1
6.170170869E0,6.241319776E-1,5.113315582E-1,-1.517133713E-1
6.180150117E0,5.820645690E-1,8.170471191E-1,-1.291489601E-1
6.190098848E0,4.262035787E-1,1.337491035E0,1.316895485E-1
6.200108613E0,3.725669682E-1,1.926076889E0,5.748882294E-1
6.210087861E0,3.143773675E-1,2.390956879E0,8.181223869E-1
6.220067109E0,2.922299802E-1,2.773461342E0,8.645510674E-1
6.230046358E0,3.414656818E-1,3.035730362E0,6.550626755E-1
6.240056123E0,3.566839993E-1,3.124619484E0,4.117178917E-1
6.250065889E0,2.428847551E-1,3.009662628E0,2.156538963E-1
6.260045137E0,9.207534790E-2,2.801797867E0,2.243728638E-1
6.270054902E0,-7.524794340E-2,2.573626518E0,5.416531563E-1
6.280034150E0,-2.190972567E-1,2.353158951E0,1.066529751E0
6.290013399E0,-3.137958646E-1,2.121687889E0,1.531075001E0
6.299992647E0,-3.694522977E-1,1.941287994E0,1.883577347E0
6.310002412E0,-3.868064284E-1,1.806711197E0,2.029685974E0
6.320012178E0,-3.770789504E-1,1.695081711E0,1.981685162E0
6.329991426E0,-5.182989836E-1,1.532878876E0,1.589797020E0
6.339970674E0,-7.069064379E-1,1.335005760E0,1.356015205E0
6.349919404E0,-8.899763823E-1,1.120465279E0,1.372096062E0
6.359929170E0,-1.078963041E0,8.911647797E-1,1.284656048E0
6.369938936E0,-1.337646484E0,6.348457336E-1,1.338599682E0
6.379948701E0,-1.476752043E0,5.309658051E-1,1.524607658E0
6.389927949E0,-1.369625807E0,8.283042908E-1,1.670673370E0
6.399907197E0,-1.090819955E0,1.334536552E0,1.645903111E0
6.409916963E0,-6.262671947E-1,1.970084190E0,1.606290340E0
6.419896211E0,-1.778151989E-1,2.525684357E0,1.571862698E0
6.429905977E0,9.806549549E-2,2.898922920E0,1.400293350E0
6.439885225E0,2.425634861E-2,3.196387291E0,1.339113712E0
6.449864473E0,-3.611510992E-1,3.475283623E0,1.132180691E0
6.459874238E0,-6.382603645E-1,3.725415230E0,1.152798653E0
6.469884004E0,-7.951543331E-1,4.067208290E0,1.303996086E0
6.479863252E0,-8.536149263E-1,4.596739769E0,1.299975872E0
6.489873018E0,-8.213564157E-1,5.271946907E0,1.514432907E0
6.499882783E0,-7.105588913E-1,5.965882301E0,1.897243500E0
6.509892549E0,-5.802490711E-1,6.536847115E0,2.532015324E0
6.519871797E0,-4.388360977E-1,7.022167206E0,3.152570248E0
6.529881563E0,-3.065249920E-1,7.374011993E0,3.865271568E0
6.539891328E0,-3.359361887E-1,7.461915970E0,4.326762199E0
6.549901094E0,-4.679522514E-1,7.353502274E0,4.400660515E0
6.559910859E0,-6.613932848E-1,7.059190750E0,4.384199619E0
6.569890108E0,-7.886162996E-1,6.595129967E0,4.239244938E0
6.579869356E0,-7.734220028E-1,6.048132896E0,3.850716591E0
6.589848604E0,-6.688901186E-1,5.557455063E0,3.394992828E0
6.599858369E0,-3.243358731E-1,5.167469978E0,2.858918667E0
6.609837617E0,-2.110009193E-1,4.859880447E0,2.454773903E0
6.619816865E0,-2.675237060E-1,4.605567932E0,2.177399158E0
6.629796113E0,-2.744944096E-1,4.487088203E0,2.095958233E0
6.639775361E0,-2.618256211E-1,4.452764511E0,2.352670670E0
6.649785127E0,-2.675939798E-1,4.382563591E0,2.750207424E0
6.659794893E0,-3.583266139E-1,4.239796638E0,3.135634422E0
6.669774141E0,-5.054829121E-1,3.903493881E0,3.380672932E0
6.679783906E0,-5.671288967E-1,3.503683090E0,3.417335033E0
6.689793672E0,-5.928207636E-1,3.197273254E0,3.197486401E0
6.699803438E0,-6.656430960E-1,2.950898170E0,2.804345608E0
6.709782686E0,-7.015816569E-1,2.772198677E0,2.308235645E0
6.719761934E0,-7.593944669E-1,2.794858932E0,1.893483639E0
6.729771699E0,-6.293136477E-1,2.944208145E0,1.565153599E0
6.739750947E0,-5.398766994E-1,2.935727119E0,1.401016235E0
6.749760713E0,-4.944891930E-1,2.856576920E0,1.463521481E0
6.759739961E0,-3.699541688E-1,2.927224159E0,1.726308346E0
6.769749727E0,-3.240188956E-1,2.861235619E0,1.950929642E0
6.779728975E0,-3.793199062E-1,2.577013969E0,1.915639400E0
6.789738740E0,-3.908855319E-1,2.217636108E0,1.688958168E0
6.799748506E0,-3.220795393E-1,1.947371483E0,1.467142582E0
6.809727754E0,-2.047708631E-1,1.790483475E0,1.175417423E0
6.819707002E0,2.823108435E-2,1.741568565E0,1.011202812E0
6.829655733E0,2.768886089E-1,1.880768776E0,8.449478149E-1
6.839634981E0,5.524992943E-1,2.040872574E0,8.529577255E-1
6.849614229E0,6.344016194E-1,1.995013237E0,8.230180740E-1
6.859623994E0,6.397513151E-1,1.815830231E0,6.144351959E-1
6.869633760E0,5.646744370E-1,1.418260574E0,4.165892601E-1
6.879643525E0,4.504087567E-1,9.210090637E-1,2.869157791E-1
6.889622774E0,3.880169094E-1,4.625024796E-1,2.507290840E-1
6.899632539E0,2.620971501E-1,4.005527496E-2,2.755441666E-1
6.909611787E0,3.474265337E-2,-3.757762909E-1,3.005607128E-1
6.919621553E0,-1.254205704E-1,-7.201719284E-1,2.842898369E-1
6.929631318E0,-2.276575565E-1,-9.106960297E-1,3.941614628E-1
6.939641084E0,-1.542522311E-1,-1.066130161E0,6.109185219E-1
6.949620332E0,-5.448615551E-2,-1.158162594E0,6.668603420E-1
6.959599580E0,-8.070230484E-2,-1.390532017E0,4.566364288E-1
6.969578828E0,-2.020576596E-1,-1.678040504E0,1.188430786E-1
6.979558076E0,-4.098464251E-1,-1.902319908E0,-2.952129841E-1
6.989537324E0,-4.311800599E-1,-2.043777466E0,-3.948659897E-1
6.999516572E0,-2.392084002E-1,-2.168530941E0,-5.281550884E-1
7.009495820E0,-2.484309673E-2,-2.278082848E0,-6.456778049E-1
7.019505586E0,1.148965657E-1,-2.484793663E0,-8.624155521E-1
7.029515352E0,2.044961452E-1,-2.759019852E0,-8.831853867E-1
7.039525117E0,3.399571776E-1,-2.974150658E0,-6.721422672E-1
7.049534883E0,4.163178205E-1,-3.018564701E0,-4.821696281E-1
7.059514131E0,4.802452624E-1,-2.996033192E0,-3.827269077E-1
7.069523897E0,5.395657420E-1,-2.963450432E0,-4.024860859E-1
7.079503145E0,5.562099814E-1,-2.898871899E0,-5.554599762E-1
7.089482393E0,5.403832197E-1,-2.891872883E0,-6.981253624E-1
7.099461641E0,5.063518882E-1,-2.998475552E0,-9.307477474E-1
7.109471406E0,4.623870552E-1,-3.064649582E0,-9.728186131E-1
7.119481172E0,4.347723424E-1,-3.069688320E0,-7.851905823E-1
7.129490938E0,3.394007683E-1,-3.040449619E0,-5.837051868E-1
7.139500703E0,2.081117183E-1,-3.105569839E0,-2.982232571E-1
7.149449434E0,5.812966824E-2,-3.312266827E0,-2.495527267E-3
7.159459199E0,-9.551525116E-2,-3.678333282E0,2.150068283E-1
7.169438447E0,-3.480798602E-1,-3.997319698E0,3.042025566E-1
7.179417695E0,-3.916809857E-1,-4.237533092E0,1.980926991E-1
7.189396943E0,-5.758018494E-1,-4.447063446E0,1.189994812E-2
7.199376192E0,-6.344076395E-1,-4.381996155E0,-1.793777943E-1
7.209385957E0,-5.173256397E-1,-4.224987507E0,-4.378577471E-1
7.219395723E0,-4.034960866E-1,-4.083991051E0,-7.941644192E-1
7.229405488E0,-2.728629708E-1,-3.937939167E0,-1.174754977E0
7.239415254E0,-1.451366544E-1,-3.784861565E0,-1.458155394E0
7.249425020E0,-7.880246639E-2,-3.613026619E0,-1.669701338E0
7.259404268E0,-2.294093370E-3,-3.441735744E0,-1.674519062E0
7.269414033E0,1.128250062E-1,-3.304785252E0,-1.586029053E0
7.279423799E0,2.187564522E-1,-3.125276089E0,-1.623055696E0
7.289403047E0,3.660870790E-1,-2.831325531E0,-1.639435768E0
7.299382295E0,4.048157632E-1,-2.532409668E0,-1.561427593E0
7.309331025E0,3.890735507E-1,-2.290769100E0,-1.448932171E0
7.319310274E0,4.127433300E-1,-2.084364891E0,-1.290124059E0
7.329289522E0,3.657670617E-1,-1.846004963E0,-1.045313597E0
7.339268770E0,3.007075787E-1,-1.623106956E0,-8.324895501E-1
7.349278535E0,1.766730547E-1,-1.355611801E0,-6.390965581E-1
7.359288301E0,6.768032908E-3,-1.088680267E0,-3.695362806E-1
7.369267549E0,-1.943688691E-1,-9.132843018E-1,-7.714021206E-2
7.379246797E0,-3.728853464E-1,-8.323965073E-1,1.537060738E-1
7.389226045E0,-4.375288486E-1,-8.036661148E-1,4.194624424E-1
7.399235811E0,-4.561237991E-1,-7.955465317E-1,5.368947983E-1
7.409215059E0,-4.307731986E-1,-7.717828751E-1,6.059069633E-1
7.419194307E0,-3.977295756E-1,-8.189935684E-1,5.958061218E-1
7.429173555E0,-4.235732257E-1,-9.277677536E-1,4.598904848E-1
7.439152803E0,-4.499260783E-1,-1.139544487E0,2.625367641E-1
7.449162568E0,-4.898530245E-1,-1.471982956E0,6.749093533E-2
7.459172334E0,-5.257660747E-1,-1.828719139E0,-5.940175056E-2
7.469151582E0,-4.012893438E-1,-2.136256695E0,-2.955889702E-1
7.479130830E0,-2.000926733E-1,-2.321798325E0,-4.944368601E-1
7.489140596E0,1.403436065E-2,-2.404401779E0,-6.541656256E-1
7.499150361E0,1.454099119E-1,-2.414824486E0,-6.980060339E-1
7.509160127E0,2.575044036E-1,-2.371619225E0,-6.053957939E-1
7.519169893E0,3.174440563E-1,-2.247957706E0,-3.287675381E-1
7.529149141E0,3.697719276E-1,-2.083997726E0,7.109642029E-3
7.539128389E0,3.789800406E-1,-1.922489166E0,1.853663921E-1
7.549107637E0,2.984934151E-1,-1.921184063E0,1.694999933E-1
7.559117402E0,7.268632948E-2,-2.070739269E0,-5.498766899E-2
7.569096650E0,-1.889291704E-1,-2.316089153E0,-2.616909742E-1
7.579106416E0,-3.743783832E-1,-2.572562218E0,-6.987062693E-1
7.589116182E0,-4.533870220E-1,-2.972393990E0,-9.285496473E-1
7.599125947E0,-4.796640873E-1,-3.449703693E0,-1.323267221E0
7.609105195E0,-4.680719376E-1,-3.922724724E0,-1.683898687E0
7.619084443E0,-4.092674553E-1,-4.274437428E0,-1.930674911E0
7.629033174E0,-2.733045816E-1,-4.516413212E0,-1.945800781E0
7.639012422E0,4.983867705E-2,-4.660591602E0,-1.739307404E0
7.648991670E0,4.244701564E-1,-4.677564621E0,-1.608410478E0
7.658970918E0,7.803482413E-1,-4.720521927E0,-1.567940474E0
7.668980684E0,9.004639983E-1,-4.750742912E0,-1.643362522E0
7.678990449E0,9.369219542E-1,-4.735131264E0,-1.723235607E0
7.688969697E0,8.577271104E-1,-4.769563198E0,-1.867186904E0
7.698948945E0,7.302769423E-1,-4.773301601E0,-2.159382820E0
7.708928193E0,5.395811796E-1,-4.633768082E0,-2.324644327E0
7.718937959E0,5.564680696E-1,-4.375316620E0,-2.146198988E0
7.728917207E0,6.424424648E-1,-3.962037086E0,-1.851655602E0
7.738896455E0,4.726874828E-1,-3.465572834E0,-1.736336708E0
7.748875703E0,2.244917899E-1,-3.026401520E0,-1.500870347E0
7.758885469E0,-1.953604817E-2,-2.629734993E0,-1.060130596E0
7.768895234E0,-2.603764236E-1,-2.267398834E0,-5.722248554E-1
7.778874483E0,-4.779099226E-1,-1.898516655E0,-2.001173496E-1
7.788853731E0,-6.694172621E-1,-1.560630322E0,1.855444908E-2
7.798863496E0,-8.260381818E-1,-1.326001644E0,6.204843521E-3
7.808842744E0,-9.371512532E-1,-1.180188179E0,-1.076602936E-1
7.818821992E0,-7.744110227E-1,-1.021844864E0,-2.830667496E-1
7.828831758E0,-5.353647470E-1,-8.158130646E-1,-5.446591377E-1
7.838841524E0,-3.401556611E-1,-5.682182312E-1,-5.833024979E-1
7.848820772E0,-2.084834576E-1,-2.721500397E-1,-3.487808704E-1
7.858800020E0,-7.356691360E-2,-1.645088196E-3,9.361028671E-3
7.868779268E0,5.286270380E-2,3.761816025E-1,4.211487770E-1
7.878789033E0,1.247849166E-1,6.941003799E-1,6.078753471E-1
7.888768281E0,1.806964576E-1,7.846736908E-1,3.393316269E-1
7.898747529E0,1.242549121E-1,6.473484039E-1,-5.264568329E-2
7.908726777E0,5.441910028E-2,4.041614532E-1,-4.023261070E-1
7.918706025E0,-6.154572964E-2,3.419084549E-1,-4.185919762E-1
7.928715791E0,-3.620409966E-2,5.374498367E-1,-6.811189651E-2
7.938725557E0,8.945977688E-2,8.107614517E-1,3.745789528E-1
7.948674287E0,2.229816914E-1,1.032633781E0,6.672253609E-1
7.958653535E0,2.347213626E-1,1.152870178E0,9.025907516E-1
7.968632783E0,1.369185448E-1,1.198634148E0,9.206633568E-1
7.978612031E0,-3.727263212E-2,1.194042206E0,1.089735031E0
7.988621797E0,-1.586540341E-1,1.024810791E0,1.341508865E0
7.998631563E0,-2.979074121E-1,8.823680878E-1,1.618916512E0
8.008610811E0,-3.265534043E-1,9.131803513E-1,1.849577427E0
8.018590059E0,-2.317097187E-1,1.024638176E0,1.946034431E0
8.028599824E0,-6.580197811E-2,1.248975754E0,2.131424904E0
8.038579072E0,5.168402195E-2,1.485892296E0,2.180419445E0
8.048588838E0,3.395998478E-2,1.720897675E0,2.002379417E0
8.058598604E0,-8.123630285E-2,1.873481750E0,1.669517994E0
8.068577852E0,-4.213336110E-1,1.894700050E0,1.363257885E0
8.078557100E0,-7.609182000E-1,1.791842461E0,1.154621601E0
8.088536348E0,-8.275405765E-1,1.771690369E0,1.053505898E0
8.098515596E0,-7.025393844E-1,2.014819145E0,1.062049866E0
8.108525361E0,-4.227951169E-1,2.471601486E0,1.248230934E0
8.118535127E0,-3.024800420E-1,2.858303070E0,1.350923538E0
8.128544893E0,-2.945004106E-1,3.003227234E0,1.529991627E0
8.138524141E0,-4.259719253E-1,3.103189468E0,1.960478306E0
8.148533906E0,-5.558060408E-1,3.332699776E0,2.294597149E0
8.158543672E0,-4.890057445E-1,3.621805191E0,2.363604546E0
8.168553438E0,-3.093057871E-1,3.960988045E0,2.137559891E0
8.178563203E0,-1.318079233E-1,4.296818733E0,1.865325928E0
8.188572969E0,6.099462509E-3,4.523956299E0,1.681994915E0
8.198552217E0,1.563818455E-1,4.717962265E0,1.885787010E0
8.208531465E0,1.324953437E-1,4.903750420E0,2.355356693E0
8.218541231E0,-2.844119072E-2,5.006361961E0,3.049952507E0
8.228550996E0,-1.407305598E-1,5.102045059E0,3.542893410E0
8.238530244E0,-3.816624284E-1,5.113103867E0,3.643435955E0
8.248540010E0,-7.359443903E-1,5.034088135E0,3.443397522E0
8.258549775E0,-1.159718156E0,5.103520393E0,3.019623756E0
8.268498506E0,-1.357032299E0,5.215963364E0,2.728107929E0
8.278508272E0,-1.361101151E0,5.263350487E0,2.278308868E0
8.288518037E0,-1.294108868E0,5.288723946E0,2.034887314E0
8.298527803E0,-1.075377941E0,5.510299683E0,2.076282501E0
8.308507051E0,-8.706828356E-1,5.839272499E0,2.341876507E0
8.318486299E0,-7.423604727E-1,6.054214478E0,2.737813950E0
8.328465547E0,-6.166281700E-1,6.146123886E0,3.089615822E0
8.338475313E0,-6.123217344E-1,6.213122368E0,3.084498405E0
8.348454561E0,-5.040470362E-1,6.129129410E0,2.979736805E0
8.358464326E0,-2.838627100E-1,5.956754684E0,2.863397121E0
8.368443574E0,-1.957042217E-1,5.750290871E0,2.839614391E0
8.378422822E0,-2.487723827E-1,5.506378174E0,2.866856575E0
8.388402070E0,-3.779758215E-1,5.298696518E0,2.893391609E0
8.398381318E0,-4.479501247E-1,5.039939880E0,2.957200050E0
8.408360567E0,-4.563959241E-1,4.772251129E0,2.920989513E0
8.418370332E0,-4.586781859E-1,4.507308960E0,2.794839382E0
8.428319063E0,-5.345975757E-1,4.151033401E0,2.508049011E0
8.438328828E0,-5.323300958E-1,3.773835182E0,2.370553017E0
8.448308076E0,-4.419486523E-1,3.433181763E0,2.319134235E0
8.458287324E0,-3.246327639E-1,3.153059959E0,2.022253036E0
8.468297090E0,-2.992981672E-1,2.771956444E0,1.763772488E0
8.478306856E0,-3.310413361E-1,2.410256386E0,1.646887302E0
8.488286104E0,-3.264362216E-1,2.123370171E0,1.503387928E0
8.498265352E0,-3.546507955E-1,1.890617371E0,1.250316620E0
8.508244600E0,-3.557589054E-1,1.628198624E0,1.014496803E0
8.518254365E0,-3.910329938E-1,1.417757034E0,8.171172142E-1
8.528264131E0,-4.480386376E-1,1.273152351E0,6.974239349E-1
8.538273897E0,-5.519090891E-1,1.138502121E0,6.068491936E-1
8.548253145E0,-5.608237386E-1,1.175554276E0,5.643053055E-1
8.558232393E0,-4.714097977E-1,1.316311836E0,4.661417007E-1
8.568211641E0,-3.929781914E-1,1.529085159E0,3.588604927E-1
8.578221406E0,-2.720897198E-1,1.680124283E0,4.093179703E-1
8.588170137E0,-1.679908633E-1,1.695015907E0,4.908938408E-1
8.598179902E0,-1.617681980E-1,1.668050766E0,3.764548302E-1
8.608159150E0,-1.769533157E-1,1.498785973E0,3.508181572E-1
8.618138399E0,-1.552475095E-1,1.145151138E0,4.001173973E-1
8.628117647E0,-1.309028268E-1,7.823467255E-1,3.346610069E-1
8.638127412E0,-3.394758701E-2,5.386190414E-1,3.458776474E-1
8.648137178E0,1.466889977E-1,3.156843185E-1,4.437460899E-1
8.658116426E0,2.882660329E-1,1.186389923E-1,4.404985905E-1
8.668126192E0,3.003574610E-1,-2.177906036E-2,3.724315166E-1
8.678135957E0,3.329733610E-1,-2.662563324E-2,3.399362564E-1
8.688145723E0,3.431393802E-1,-4.028892517E-2,2.748630047E-1
8.698155488E0,3.109880090E-1,-2.021913528E-1,2.335126400E-1
8.708134736E0,4.181942940E-1,-4.365720749E-1,1.103799343E-1
8.718125473E0,4.821474552E-1,-6.790018082E-1,-1.321988106E-1
8.728165757E0,4.864784181E-1,-1.001572609E0,-3.375201225E-1
8.738145005E0,4.807286263E-1,-1.441906929E0,-4.254240990E-1
8.748124253E0,4.006412029E-1,-1.894275188E0,-4.158437252E-1
8.758103501E0,2.835520208E-1,-2.264363289E0,-5.098094940E-1
8.768082749E0,3.806301355E-1,-2.420581341E0,-5.801994801E-1
8.778061997E0,3.927494586E-1,-2.627530098E0,-5.224683285E-1
8.788071763E0,3.255249262E-1,-2.733943462E0,-3.525371552E-1
8.798081528E0,-2.340483665E-2,-2.763631821E0,-3.797178268E-1
8.808091294E0,-4.921505153E-1,-2.787509441E0,-3.602056503E-1
8.818101059E0,-8.201901913E-1,-2.720722675E0,-3.064572811E-1
8.828080307E0,-7.804806232E-1,-2.636551857E0,-2.614927292E-1
8.838059556E0,-6.174513698E-1,-2.765017986E0,-3.058214188E-1
8.848069321E0,-4.677952230E-1,-3.000867367E0,-4.937257767E-1
8.858079087E0,-3.317046463E-1,-3.127418518E0,-5.943248272E-1
8.868088852E0,-1.498579979E-1,-3.230043888E0,-5.958272219E-1
8.878068100E0,2.024534345E-2,-3.384478092E0,-4.894117117E-1
8.888047348E0,5.859729648E-2,-3.575721741E0,-4.046677351E-1
8.898057114E0,3.170797229E-2,-3.688490391E0,-3.651064634E-1
8.908005845E0,-1.582679152E-2,-3.797235012E0,-4.470057487E-1
8.917985093E0,-5.090105534E-2,-4.067145348E0,-5.193097591E-1
8.927964341E0,3.838877380E-2,-4.410334110E0,-5.792834759E-1
8.937974106E0,5.652357638E-2,-4.690294743E0,-5.458205938E-1
8.947983872E0,1.233114749E-1,-4.818757534E0,-4.343167543E-1
8.957963120E0,9.475494921E-2,-4.948687553E0,-5.312372446E-1
8.967972886E0,-6.995148957E-2,-5.077687263E0,-7.339656353E-1
8.977982651E0,-2.260863632E-1,-5.191311359E0,-7.821712494E-1
8.987961899E0,-3.291669488E-1,-5.184498787E0,-8.802069426E-1
8.997971665E0,-2.723880708E-1,-4.968814373E0,-9.314345121E-1
9.007981431E0,-1.329205930E-1,-4.592522621E0,-9.144647717E-1
9.017960679E0,8.586846292E-2,-4.203977108E0,-7.724123597E-1
9.027970444E0,2.700363994E-1,-3.894125462E0,-7.043856978E-1
9.037980210E0,3.310716152E-1,-3.600282192E0,-6.824026108E-1
9.047989975E0,3.483491838E-1,-3.236036777E0,-6.127405763E-1
9.057999741E0,2.530699372E-1,-2.803565502E0,-5.695466399E-1
9.067948472E0,1.866245419E-1,-2.357899666E0,-4.868244529E-1
9.077958237E0,1.346491426E-1,-2.004383087E0,-4.396151304E-1
9.087968003E0,1.548518389E-1,-1.601906776E0,-4.057011604E-1
9.097977768E0,1.856811345E-1,-1.241467476E0,-2.751427889E-1
9.107987534E0,1.615681350E-1,-9.709787369E-1,-1.078439951E-1
9.117997300E0,7.783727348E-2,-8.048477173E-1,-6.369590759E-3
9.127976548E0,-1.916997880E-2,-7.574157715E-1,1.253569126E-2
9.137955796E0,-2.120264024E-1,-8.479499817E-1,6.274878979E-2
9.147935044E0,-4.286521375E-1,-9.927301407E-1,3.514766693E-2
9.157944809E0,-5.631271005E-1,-1.151421547E0,-9.569060802E-2
9.167954575E0,-6.225374341E-1,-1.374489784E0,-3.664130569E-1
9.177964341E0,-4.682967663E-1,-1.609532356E0,-5.427135229E-1
9.187943589E0,-2.324789762E-1,-1.772857189E0,-6.262605190E-1
9.197922837E0,8.831366152E-2,-1.828536034E0,-7.250857949E-1
9.207902085E0,3.010121286E-1,-1.917552471E0,-7.574598789E-1
9.217911850E0,4.149588048E-1,-2.049256325E0,-6.147665381E-1
9.227860581E0,4.135004282E-1,-2.158589840E0,-4.600337744E-1
9.237839829E0,3.348429203E-1,-2.290825367E0,-3.733061552E-1
9.247819077E0,1.455650926E-1,-2.526980877E0,-3.134109974E-1
9.257828843E0,-1.326153129E-1,-2.799976349E0,-3.037804365E-1
9.267838608E0,-3.887092769E-1,-3.121679306E0,-3.178805113E-1
9.277817856E0,-5.196062326E-1,-3.466154575E0,-4.795331955E-1
9.287827622E0,-4.839870334E-1,-3.689943790E0,-5.789293051E-1
9.297837388E0,-3.777908385E-1,-3.851141930E0,-7.226746082E-1
9.307847153E0,-2.278204709E-1,-3.997902870E0,-8.353776932E-1
9.317856919E0,-1.448053718E-1,-4.118547440E0,-8.703993559E-1
9.327836167E0,-2.132310867E-1,-4.225116730E0,-9.284025431E-1
9.337845932E0,-3.882735074E-1,-4.370349884E0,-1.045345426E0
9.347855698E0,-5.528898239E-1,-4.512897491E0,-1.128590703E0
9.357834946E0,-7.082482576E-1,-4.618908882E0,-1.150719285E0
9.367844712E0,-7.522836328E-1,-4.675982475E0,-1.213823199E0
9.377854477E0,-7.199008465E-1,-4.593140602E0,-1.269646525E0
9.387864243E0,-4.012718201E-1,-4.380032539E0,-1.245716810E0
9.397874009E0,2.523088455E-2,-4.144969940E0,-1.314554930E0
9.407883774E0,2.496737093E-1,-3.854169846E0,-1.549074173E0
9.417863022E0,3.758532703E-1,-3.507505417E0,-1.415923119E0
9.427872788E0,4.623651505E-1,-3.108830929E0,-1.007000208E0
9.437882554E0,4.428122938E-1,-2.748810291E0,-5.123999119E-1
9.447892319E0,3.001246750E-1,-2.412354946E0,-4.423236847E-2
9.457902085E0,1.734720767E-1,-2.113961697E0,2.549476624E-1
9.467881333E0,1.862291098E-1,-1.872912884E0,3.527545929E-1
9.477891098E0,2.249656618E-1,-1.793240070E0,1.213865280E-1
9.487870347E0,1.927683055E-1,-1.834712982E0,-4.542794228E-1
9.497849595E0,2.138553709E-1,-1.874089241E0,-1.068856239E0
9.507859360E0,3.110089004E-1,-1.939995289E0,-1.423518419E0
9.517869126E0,4.104259908E-1,-1.867497444E0,-1.481846571E0
9.527878891E0,3.538787663E-1,-1.710585594E0,-1.218118668E0
9.537858139E0,1.772825718E-1,-1.430171967E0,-7.467722893E-1
9.547837388E0,4.137545824E-3,-1.099276066E0,-1.544775963E-1
9.557816636E0,-3.020972013E-2,-8.257350922E-1,4.179773331E-1
9.567826401E0,9.545680881E-2,-6.146907806E-1,6.337785721E-1
9.577836167E0,2.265520692E-1,-4.538755417E-1,5.163969994E-1
9.587815415E0,3.777523637E-1,-3.686275482E-1,1.856470108E-1
9.597794663E0,4.717333019E-1,-2.190418243E-1,-3.010396957E-1
9.607773911E0,5.211108923E-1,-1.650905609E-2,-6.627867222E-1
9.617753159E0,5.498728752E-1,1.696481705E-1,-5.454595089E-1
9.627762925E0,4.181101322E-1,3.839559555E-1,-3.422617912E-1
9.637772690E0,1.805408299E-1,7.136964798E-1,1.363859177E-1
9.647751938E0,-8.184844255E-2,1.161156654E0,7.834129333E-1
9.657731186E0,-3.356815577E-1,1.651114464E0,1.237299442E0
9.667740952E0,-5.403680205E-1,1.995331764E0,1.705070972E0
9.677720200E0,-5.448749661E-1,2.099123955E0,1.813445091E0
9.687729966E0,-4.727007747E-1,2.207513809E0,1.471677780E0
9.697739731E0,-3.381332159E-1,2.307920456E0,9.197583199E-1
9.707749497E0,-3.238267303E-1,2.353341103E0,4.858765602E-1
9.717728745E0,-5.467901826E-1,2.387699127E0,2.755875587E-1
9.727738511E0,-7.253384590E-1,2.506240845E0,3.999047279E-1
9.737748276E0,-8.116992712E-1,2.653091431E0,6.971487999E-1
9.747758042E0,-8.834907413E-1,2.758617401E0,9.085235596E-1
9.757737290E0,-8.935880065E-1,2.849056244E0,1.115172863E0
9.767716538E0,-8.965108991E-1,2.822897911E0,1.288067341E0
9.777726304E0,-8.576142192E-1,2.571821213E0,1.324841499E0
9.787705552E0,-5.362646580E-1,2.325928688E0,1.337357521E0
9.797684800E0,-1.300593615E-1,2.190899849E0,1.236269951E0
9.807664048E0,6.261706352E-2,2.210417747E0,9.797263145E-1
9.817673813E0,2.356218100E-1,2.112125397E0,9.953594208E-1
9.827683579E0,3.899089694E-1,1.964373589E0,1.068202496E0
9.837662827E0,3.807345033E-1,1.972887993E0,1.226171970E0
9.847672593E0,2.742444873E-1,2.043855667E0,1.380298138E0
9.857682358E0,5.944705009E-2,2.127993584E0,1.591458797E0
9.867631089E0,-1.658239961E-1,2.213838577E0,1.815780163E0
9.877640854E0,-3.517817855E-1,2.396954536E0,2.046389580E0
9.887650620E0,-4.872271419E-1,2.669633865E0,2.147580147E0
9.897629868E0,-3.890633583E-1,2.841296196E0,2.135774612E0
9.907609116E0,-2.706180215E-1,2.931924820E0,2.113860130E0
9.917618882E0,-1.932037473E-1,2.999744415E0,2.165782452E0
9.927628647E0,-5.587047338E-2,3.153890610E0,2.216407299E0
9.937607895E0,-6.979107857E-2,3.417329788E0,2.281382561E0
9.947617661E0,-1.985239983E-2,3.696556091E0,2.363178730E0
9.957596909E0,-1.626974344E-2,3.709850311E0,2.421198845E0
9.967576157E0,-1.886522174E-1,3.551833153E0,2.318248272E0
9.977555405E0,-3.253625035E-1,3.402450562E0,2.249072075E0
9.987565171E0,-4.653386474E-1,3.360424995E0,2.086946011E0
9.997574936E0,-5.242449641E-1,3.402904510E0,2.053032875E0
1.000758470E1,-5.017337203E-1,3.482996941E0,2.057375431E0
1.001759447E1,-4.098420143E-1,3.737191200E0,2.186132908E0
1.002754320E1,-3.472021222E-1,3.966648102E0,2.288593769E0
