"Time (s)","Gyroscope x (rad/s)","Gyroscope y (rad/s)","Gyroscope z (rad/s)"
3.026115500E-2,3.222314268E-2,2.474004216E-2,2.122756653E-2
4.026115500E-2,1.985312067E-2,1.863138936E-2,2.229658142E-2
5.026115500E-2,3.970623948E-3,3.054326226E-4,2.107485011E-2
6.026115500E-2,-4.581489135E-3,3.054326226E-4,1.863138936E-2
7.026115500E-2,-1.435533352E-2,7.788531948E-3,1.374446787E-2
8.026115500E-2,-3.405573592E-2,1.756237634E-2,1.237002108E-2
9.026115500E-2,-4.993823543E-2,1.893682219E-2,1.359175146E-2
1.002611550E-1,-7.070764899E-2,2.138028294E-2,1.725694351E-2
1.102611550E-1,-8.307767659E-2,2.015855350E-2,2.443460934E-2
1.202611550E-1,-9.040805697E-2,1.649336144E-2,2.687807009E-2
1.302611550E-1,-9.285151958E-2,2.993239649E-2,2.687807009E-2
1.402611550E-1,-9.147707373E-2,4.581489414E-2,3.069597855E-2
1.502611550E-1,-9.269879758E-2,4.948008433E-2,3.313944116E-2
1.602611550E-1,-1.026253626E-1,4.581489414E-2,3.436116874E-2
1.702611550E-1,-1.136209369E-1,3.237585723E-2,3.298672289E-2
1.802611550E-1,-1.136209369E-1,3.115412779E-2,3.298672289E-2
1.902611550E-1,-1.111774743E-1,3.863722831E-2,3.054326214E-2
2.002611550E-1,-1.075122803E-1,3.985895589E-2,2.809980139E-2
2.102611550E-1,-1.026253626E-1,3.985895589E-2,2.214386500E-2
2.202611550E-1,-9.025534242E-2,3.481931984E-2,1.725694351E-2
2.302611550E-1,-6.948592514E-2,3.237585723E-2,1.237002108E-2
2.402611550E-1,-5.726861581E-2,3.604105115E-2,8.857546374E-3
2.502611550E-1,-3.756821156E-2,3.604105115E-2,3.970623948E-3
2.602611550E-1,-3.268129006E-2,3.848451003E-2,-9.162978968E-4
2.702611550E-1,-2.290744707E-2,3.359758854E-2,-4.581489135E-3
2.802611550E-1,-1.069014147E-2,3.115412779E-2,-7.024950348E-3
2.902611550E-1,-3.359758761E-3,2.611448988E-2,-1.053742506E-2
3.002611550E-1,3.054326226E-4,2.244929783E-2,-1.175915636E-2
3.102611550E-1,-3.359758761E-3,9.010262787E-3,-1.557706390E-2
3.202611550E-1,-7.024950348E-3,1.038470957E-2,-2.290744707E-2
3.302611550E-1,-8.246680722E-3,1.160643995E-2,-3.023782931E-2
3.402611550E-1,-1.069014147E-2,1.404990070E-2,-3.756821156E-2
3.502611550E-1,-9.468411095E-3,2.764165215E-2,-4.108068720E-2
3.602611550E-1,-1.313360315E-2,3.497203439E-2,-3.985895589E-2
3.702611550E-1,-1.557706390E-2,3.252857551E-2,-3.741549700E-2
3.802611550E-1,-1.802052557E-2,3.237585723E-2,-3.008511290E-2
3.902611550E-1,-2.535090782E-2,1.771509275E-2,-1.924225502E-2
4.002611550E-1,-4.138612002E-2,6.108652451E-4,-1.084285788E-2
4.102611550E-1,-6.719517708E-2,-1.527163107E-2,-4.886921961E-3
4.202611550E-1,-8.185594529E-2,-2.626720630E-2,2.443460980E-3
4.302611550E-1,-8.429940045E-2,-3.619376570E-2,2.290744567E-3
4.402611550E-1,-6.475171447E-2,-3.619376570E-2,-1.221730490E-3
4.502611550E-1,-2.428189293E-2,-1.786780916E-2,-9.621127509E-3
4.602611550E-1,2.229658142E-2,1.679879380E-3,-2.031126991E-2
4.702611550E-1,9.590584040E-2,3.084869497E-2,-3.344487399E-2
4.802611550E-1,1.731802970E-1,6.750060618E-2,-4.657847434E-2
4.902611550E-1,2.394591719E-1,9.056077152E-2,-5.726861581E-2
5.002611550E-1,3.043636084E-1,1.026253626E-1,-5.451972410E-2
5.102611550E-1,3.434589803E-1,8.903361112E-2,-3.985895589E-2
5.202611550E-1,3.495676219E-1,6.322455406E-2,-1.924225502E-2
5.302611550E-1,3.260493279E-1,1.832595794E-3,2.443460934E-2
5.402611550E-1,2.866485119E-1,-5.345070735E-2,6.551529467E-2
5.502611550E-1,2.474004179E-1,-8.277224004E-2,9.575312585E-2
5.602611550E-1,2.093740702E-1,-1.024726480E-1,1.200350225E-1
5.702611550E-1,1.896736622E-1,-1.024726480E-1,1.284344196E-1
5.802611550E-1,1.847867370E-1,-9.392052889E-2,1.333213449E-1
5.902611550E-1,1.910481006E-1,-9.269879758E-2,1.394299865E-1
6.002611550E-1,1.996002197E-1,-8.170322329E-2,1.530217379E-1
6.102611550E-1,2.044871449E-1,-7.452555746E-2,1.701259762E-1
6.202611550E-1,1.922698319E-1,-6.841690838E-2,1.919644028E-1
6.302611550E-1,1.481348276E-1,-6.093380973E-2,2.040289938E-1
6.402611550E-1,1.027780771E-1,-6.948592514E-2,2.087631971E-1
6.502611550E-1,5.009094998E-2,-8.032877743E-2,2.061670274E-1
6.602611550E-1,3.512475174E-3,-8.261952549E-2,1.925752759E-1
6.702611550E-1,-4.184427112E-2,-8.979719132E-2,1.802052408E-1
6.802611550E-1,-7.727445662E-2,-9.330966324E-2,1.802052408E-1
6.902611550E-1,-1.153008118E-1,-8.475755155E-2,1.959350258E-1
7.002611550E-1,-1.618792862E-1,-8.338310570E-2,2.141082734E-1
7.102611550E-1,-1.936442852E-1,-8.704829961E-2,2.188424766E-1
7.202611550E-1,-2.035708427E-1,-1.273654103E-1,2.052507252E-1
7.302611550E-1,-1.803579628E-1,-1.395827085E-1,1.687515229E-1
7.402611550E-1,-1.484402567E-1,-1.211040318E-1,1.237002090E-1
7.502611550E-1,-1.287398487E-1,-1.098030284E-1,6.536258012E-2
7.602611550E-1,-1.397354305E-1,-1.243110746E-1,1.404990070E-2
7.702611550E-1,-1.446223408E-1,-1.363756657E-1,-1.160643995E-2
7.802611550E-1,-1.090394482E-1,-1.316414624E-1,7.941247895E-3
7.902611550E-1,-4.169155285E-2,-1.038470939E-1,6.078109145E-2
8.002611550E-1,5.146539584E-2,-8.475755155E-2,1.024726480E-1
8.102611550E-1,2.425135076E-1,-4.382958263E-2,1.313360333E-1
8.202611550E-1,4.841107130E-1,7.070764899E-2,1.250746548E-1
8.302611550E-1,6.766859889E-1,1.536326110E-1,1.039998084E-1
8.402611550E-1,8.605564237E-1,2.206750661E-1,6.826419383E-2
8.502611550E-1,9.366091490E-1,2.438879460E-1,1.725694351E-2
8.602611550E-1,8.851437569E-1,2.270891517E-1,-1.710422710E-2
8.702611550E-1,7.221954465E-1,1.479821056E-1,-3.604105115E-2
8.802611550E-1,5.271766782E-1,7.620543987E-2,-4.184427112E-2
8.902611550E-1,3.827070892E-1,7.666359097E-2,-4.108068720E-2
9.002611550E-1,2.406809032E-1,9.178250283E-2,-5.360342562E-2
9.102611550E-1,1.487456858E-1,1.093448773E-1,-5.864306539E-2
9.202611550E-1,1.072068512E-1,1.522581577E-1,-4.520402849E-2
9.302611550E-1,8.781187981E-2,2.379320115E-1,-3.145955876E-2
9.402611550E-1,4.031710699E-2,3.546072841E-1,-6.536258012E-2
9.502611550E-1,-2.916881628E-2,4.309654236E-1,-1.030835137E-1
9.602611550E-1,-1.282816976E-1,4.731151462E-1,-1.434006095E-1
9.702611550E-1,-2.348776907E-1,4.772384763E-1,-1.655444801E-1
9.802611550E-1,-3.255911767E-1,4.306600094E-1,-1.221730486E-1
9.902611550E-1,-3.651446998E-1,3.532328308E-1,-4.337143153E-2
1.000261155E0,-3.961461186E-1,2.327396572E-1,8.170322329E-2
1.010261155E0,-4.382958114E-1,8.781187981E-2,1.907426715E-1
1.020261155E0,-4.900666475E-1,-5.681046844E-2,2.290744632E-1
1.030261155E0,-6.093381047E-1,-2.611449063E-1,2.390010208E-1
1.040261155E0,-7.603744864E-1,-4.185954034E-1,2.171625942E-1
1.050261155E0,-8.500189781E-1,-5.027421117E-1,1.788308024E-1
1.060261155E0,-8.486445546E-1,-4.888449013E-1,9.712757170E-2
1.070261155E0,-7.183775306E-1,-3.405573666E-1,5.497787148E-3
1.080261155E0,-5.305364728E-1,-1.852448881E-1,-6.414084882E-2
1.090261155E0,-2.568688393E-1,-2.886338346E-2,-1.395827085E-1
1.100261155E0,-2.519819140E-2,4.428773001E-2,-1.922698319E-1
1.110261155E0,9.605856240E-2,3.298672289E-2,-2.200642079E-1
1.120261155E0,1.744020283E-1,-2.962696366E-2,-2.408336252E-1
1.130261155E0,1.950187236E-1,-1.240056455E-1,-2.460259795E-1
1.140261155E0,1.776090711E-1,-2.000583708E-1,-2.292271852E-1
1.150261155E0,1.345430762E-1,-2.932153046E-1,-1.846340150E-1
1.160261155E0,1.171334088E-1,-3.474296033E-1,-1.226311997E-1
1.170261155E0,1.576032341E-1,-3.379611969E-1,-6.520986557E-2
1.180261155E0,2.641992271E-1,-2.822197378E-1,4.886921961E-3
1.190261155E0,4.051563740E-1,-2.081523389E-1,6.032294407E-2
1.200261155E0,5.167919993E-1,-1.278235465E-1,1.073595658E-1
1.210261155E0,6.345362663E-1,-3.268129006E-2,1.458440721E-1
1.220261155E0,6.910412908E-1,3.680463135E-2,1.658499092E-1
1.230261155E0,6.971499324E-1,7.116580009E-2,1.611157060E-1
1.240261155E0,6.592763066E-1,8.735372871E-2,1.450804919E-1
1.250261155E0,5.882632136E-1,8.139779419E-2,1.266018152E-1
1.260261155E0,5.196936131E-1,8.048149943E-2,1.007927656E-1
1.270261155E0,4.413501322E-1,7.971791178E-2,6.520986557E-2
1.280261155E0,3.764457107E-1,8.735372871E-2,3.711006418E-2
1.290261155E0,3.226895630E-1,9.743300825E-2,2.351831272E-2
1.300261155E0,2.895501256E-1,8.521570265E-2,2.703078650E-2
1.310261155E0,2.637410760E-1,3.985895589E-2,3.527746722E-2
1.320261155E0,2.696970105E-1,-9.162978269E-3,5.589416996E-2
1.330261155E0,2.732094824E-1,-4.108068720E-2,7.162395120E-2
1.340261155E0,2.671008408E-1,-7.055493444E-2,8.124507964E-2
1.350261155E0,2.423607856E-1,-1.108720452E-1,8.216137439E-2
1.360261155E0,2.043344229E-1,-1.401935667E-1,7.467827946E-2
1.370261155E0,1.443169117E-1,-1.424843222E-1,5.986479297E-2
1.380261155E0,8.811730891E-2,-1.163698286E-1,2.809980139E-2
1.390261155E0,3.924809024E-2,-9.040805697E-2,-7.330383174E-3
1.400261155E0,-2.061670274E-2,-5.314527452E-2,-6.826419383E-2
1.410261155E0,-8.414668590E-2,-2.092213556E-2,-1.232420653E-1
1.420261155E0,-1.392772794E-1,-1.435533352E-2,-1.623374373E-1
1.430261155E0,-2.003637999E-1,-1.679879380E-3,-2.124283910E-1
1.440261155E0,-2.406809032E-1,2.550362423E-2,-2.417499274E-1
1.450261155E0,-2.602286041E-1,4.764748737E-2,-2.441933751E-1
1.460261155E0,-2.872593701E-1,4.505131021E-2,-2.223549485E-1
1.470261155E0,-2.984076738E-1,2.901609987E-2,-1.785253733E-1
1.480261155E0,-2.861903608E-1,2.260201424E-2,-1.369865239E-1
1.490261155E0,-2.532036304E-1,1.130100712E-2,-9.789115191E-2
1.500261155E0,-2.090686262E-1,1.114829071E-2,-7.101308554E-2
1.510261155E0,-1.624901593E-1,2.321287990E-2,-6.352998316E-2
1.520261155E0,-1.122464910E-1,5.009094998E-2,-7.055493444E-2
1.530261155E0,-7.910704613E-2,9.162978828E-2,-8.979719132E-2
1.540261155E0,-6.291911751E-2,1.357648075E-1,-1.043052375E-1
1.550261155E0,-4.199698567E-2,1.922698319E-1,-1.211040318E-1
1.560261155E0,-2.351831272E-2,2.374738604E-1,-1.220203340E-1
1.570261155E0,-2.107485011E-2,2.509129047E-1,-1.146899462E-1
1.580261155E0,-3.329215571E-2,2.582432926E-1,-9.147707373E-2
1.590261155E0,-6.643159688E-2,2.409863323E-1,-6.490442902E-2
1.600261155E0,-1.021672115E-1,1.970040351E-1,-4.810563847E-2
1.610261155E0,-1.365283877E-1,1.394299865E-1,-3.741549700E-2
1.620261155E0,-1.379028261E-1,1.038470939E-1,-2.779436857E-2
1.630261155E0,-1.036943719E-1,7.177666575E-2,-7.024950348E-3
1.640261155E0,-5.711590126E-2,5.207626149E-2,-9.162978968E-4
1.650261155E0,1.267545391E-2,6.398813426E-2,7.941247895E-3
1.660261155E0,9.850201756E-2,1.163698286E-1,1.802052557E-2
1.670261155E0,1.794416606E-1,1.774563491E-1,2.092213556E-2
1.680261155E0,2.936734557E-1,2.591595948E-1,1.924225502E-2
1.690261155E0,3.979786932E-1,3.361285925E-1,2.092213556E-2
1.700261155E0,4.543310404E-1,3.726277947E-1,2.244929783E-2
1.710261155E0,4.752531648E-1,3.959933817E-1,1.298088674E-2
1.720261155E0,4.764748812E-1,3.837760985E-1,5.497787148E-3
1.730261155E0,4.579962194E-1,3.666718602E-1,-1.832595794E-3
1.740261155E0,4.297437072E-1,3.300199509E-1,-1.313360315E-2
1.750261155E0,4.101960063E-1,2.994766831E-1,-2.183843218E-2
1.760261155E0,4.039346576E-1,2.884811163E-1,-1.695151068E-2
1.770261155E0,4.112650156E-1,2.528982162E-1,-6.108652335E-3
1.780261155E0,4.074471295E-1,2.478585690E-1,9.773843922E-3
1.790261155E0,4.025602043E-1,2.600758672E-1,2.932153270E-2
1.800261155E0,3.866777122E-1,2.576324046E-1,5.604688451E-2
1.810261155E0,3.462078869E-1,2.735149264E-1,8.643743396E-2
1.820261155E0,3.130684495E-1,2.501493096E-1,1.070541367E-1
1.830261155E0,2.602286041E-1,1.925752759E-1,1.395827085E-1
1.840261155E0,1.731802970E-1,1.375973970E-1,1.695151031E-1
1.850261155E0,1.166752651E-1,7.895433158E-2,1.765400618E-1
1.860261155E0,6.627888232E-2,1.038470957E-2,1.870774776E-1
1.870261155E0,1.221730467E-2,-3.726277873E-2,1.831068546E-1
1.880261155E0,-3.924809024E-2,-6.887505949E-2,1.742493063E-1
1.890261155E0,-1.030835137E-1,-9.560041130E-2,1.617265791E-1
1.900261155E0,-1.704314053E-1,-1.162171140E-1,1.566869318E-1
1.910261155E0,-2.353358418E-1,-1.233947799E-1,1.551597714E-1
1.920261155E0,-3.124575615E-1,-1.145372316E-1,1.501201391E-1
1.930261155E0,-3.921754956E-1,-1.117883399E-1,1.450804919E-1
1.940261155E0,-4.520402849E-1,-9.804387391E-2,1.290452778E-1
1.950261155E0,-4.776966274E-1,-8.200865984E-2,1.168279797E-1
1.960261155E0,-4.862487316E-1,-7.956519723E-2,9.498954564E-2
1.970261155E0,-4.789183438E-1,-7.086037099E-2,6.200282276E-2
1.980261155E0,-4.628831446E-1,-6.215553731E-2,2.672535367E-2
1.990261155E0,-4.297437072E-1,-4.734205827E-2,-1.206458826E-2
2.000261155E0,-3.856086731E-1,-4.978551716E-2,-4.001167417E-2
2.010261155E0,-3.463605940E-1,-4.489859566E-2,-5.940664560E-2
2.020261155E0,-2.790127099E-1,-3.772092983E-2,-7.376197726E-2
2.030261155E0,-1.970040351E-1,-3.665191308E-2,-7.849618047E-2
2.040261155E0,-1.394299865E-1,-3.436116874E-2,-7.956519723E-2
2.050261155E0,-7.696902007E-2,-3.573561832E-2,-7.696902007E-2
2.060261155E0,-1.679879427E-2,-2.000583708E-2,-7.666359097E-2
2.070261155E0,2.733621933E-2,3.054326167E-3,-7.895433158E-2
2.080261155E0,7.757988572E-2,1.404990070E-2,-8.353582025E-2
2.090261155E0,1.131627858E-1,2.504547499E-2,-1.004873365E-1
2.100261155E0,1.290452778E-1,4.596760869E-2,-1.186605766E-1
2.110261155E0,1.377501190E-1,5.329799280E-2,-1.453859210E-1
2.120261155E0,1.267545372E-1,5.345070735E-2,-1.734857261E-1
2.130261155E0,1.157589629E-1,5.115996301E-2,-1.979203373E-1
2.140261155E0,1.072068512E-1,6.108652428E-2,-2.223549485E-1
2.150261155E0,1.072068512E-1,7.345654815E-2,-2.283108830E-1
2.160261155E0,9.743300825E-2,8.445212245E-2,-2.270891517E-1
2.170261155E0,9.621127695E-2,8.567385375E-2,-2.136501223E-1
2.180261155E0,1.145372316E-1,7.925976813E-2,-1.893682331E-1
2.190261155E0,1.206458881E-1,5.833763257E-2,-1.673770845E-1
2.200261155E0,1.107193232E-1,3.863722831E-2,-1.382082552E-1
2.210261155E0,9.468411654E-2,2.382374369E-2,-1.078177169E-1
2.220261155E0,8.368854225E-2,2.626720630E-2,-8.964447677E-2
2.230261155E0,8.613199741E-2,3.955352306E-2,-5.787948146E-2
2.240261155E0,9.346238524E-2,5.665775016E-2,-2.244929783E-2
2.250261155E0,9.346238524E-2,3.924809024E-2,1.649336144E-2
2.260261155E0,8.842274547E-2,1.832595654E-2,3.955352306E-2
2.270261155E0,8.949175477E-2,-2.840523422E-2,6.750060618E-2
2.280261155E0,1.029307917E-1,-7.498370856E-2,8.567385375E-2
2.290261155E0,1.261436790E-1,-9.712757170E-2,9.178250283E-2
2.300261155E0,1.469130963E-1,-1.009454802E-1,9.422596544E-2
2.310261155E0,1.408044398E-1,-1.204931661E-1,9.285151958E-2
2.320261155E0,1.247692257E-1,-1.290452778E-1,8.552113175E-2
2.330261155E0,1.027780771E-1,-1.203404516E-1,6.597344577E-2
2.340261155E0,8.811730891E-2,-1.250746548E-1,3.909537569E-2
2.350261155E0,8.445212245E-2,-1.200350225E-1,1.710422710E-2
2.360261155E0,1.017090604E-1,-9.544769675E-2,-9.621127509E-3
2.370261155E0,1.385136992E-1,-7.834346592E-2,-9.315694682E-3
2.380261155E0,1.617265791E-1,-8.704829961E-2,4.581489484E-4
2.390261155E0,1.580613852E-1,-1.018617824E-1,8.857546374E-3
2.400261155E0,1.076650023E-1,-1.310305893E-1,8.552113548E-3
2.410261155E0,3.298672289E-2,-1.614211351E-1,-5.192354787E-3
2.420261155E0,-7.849618047E-2,-1.892155111E-1,-2.748893574E-2
2.430261155E0,-2.021963894E-1,-1.702786833E-1,-6.185010448E-2
2.440261155E0,-2.866485119E-1,-1.417207420E-1,-9.132435173E-2
2.450261155E0,-3.489567637E-1,-7.040221989E-2,-9.483683109E-2
2.460261155E0,-3.219259977E-1,-3.512475267E-2,-6.169738993E-2
2.470261155E0,-2.238821089E-1,-8.552113548E-3,-3.084869497E-2
2.480261155E0,-1.557706390E-2,2.382374369E-2,-1.924225502E-2
2.490261155E0,2.086104751E-1,6.123924255E-2,-3.420845419E-2
2.500261155E0,3.349068761E-1,6.215553731E-2,-5.345070735E-2
2.510261155E0,3.727805018E-1,9.621127509E-3,-9.987647086E-2
2.520261155E0,2.782491148E-1,-7.208210230E-2,-1.430951804E-1
2.530261155E0,1.409571618E-1,-1.316414624E-1,-1.669189334E-1
2.540261155E0,-1.832595654E-2,-1.556179225E-1,-1.576032341E-1
2.550261155E0,-9.773843735E-2,-9.437867999E-2,-1.272126883E-1
2.560261155E0,-7.925976813E-2,1.069014193E-3,-9.254608303E-2
2.570261155E0,4.581489484E-4,5.955936015E-2,-6.780604273E-2
2.580261155E0,1.414152980E-1,9.575312585E-2,-4.657847434E-2
2.590261155E0,2.848159075E-1,1.357648075E-1,-4.596760869E-2
2.600261155E0,3.950771093E-1,1.305724531E-1,-6.032294407E-2
2.610261155E0,5.064072609E-1,6.795875728E-2,-7.483099401E-2
2.620261155E0,5.552765131E-1,2.733621933E-2,-8.949175477E-2
2.630261155E0,5.577199459E-1,-3.207042580E-3,-1.090394482E-1
2.640261155E0,5.577199459E-1,-3.207042580E-3,-1.090394482E-1
2.650261155E0,4.080579877E-1,-1.191187203E-1,-1.050688252E-1
2.660261155E0,3.749185503E-1,-1.180497110E-1,-5.513058975E-2
2.670261155E0,3.712533414E-1,-5.818491429E-2,-1.374446787E-3
2.680261155E0,3.909537494E-1,1.634064503E-2,2.947424725E-2
2.690261155E0,3.996585906E-1,6.032294407E-2,4.184427112E-2
2.700261155E0,3.813326359E-1,9.712757170E-2,3.955352306E-2
2.710261155E0,3.312416673E-1,1.120937690E-1,9.010262787E-3
2.720261155E0,2.687807083E-1,1.123992056E-1,-1.313360315E-2
2.730261155E0,1.831068546E-1,9.682214260E-2,-2.687807009E-2
2.740261155E0,1.131627858E-1,8.353582025E-2,-2.107485011E-2
2.750261155E0,8.261952549E-2,8.964447677E-2,9.162978968E-4
2.760261155E0,5.803219974E-2,1.078177169E-1,4.108068720E-2
2.770261155E0,-7.635815418E-4,1.151480973E-1,8.979719132E-2
2.780261155E0,-9.514226019E-2,1.104138941E-1,1.162171140E-1
2.790261155E0,-2.483167201E-1,6.551529467E-2,1.253800988E-1
2.800261155E0,-4.028656185E-1,2.061670274E-2,1.345430762E-1
2.810261155E0,-4.984660447E-1,7.330383174E-3,1.366810948E-1
2.820261155E0,-5.595525503E-1,3.207042441E-2,1.269072592E-1
2.830261155E0,-5.827654600E-1,4.077525437E-2,1.012509167E-1
2.840261155E0,-5.668829679E-1,3.604105115E-2,7.315111160E-2
2.850261155E0,-4.761694670E-1,6.047565863E-2,2.718350291E-2
2.860261155E0,-3.240640163E-1,1.130100712E-1,-2.947424725E-2
2.870261155E0,-1.524108797E-1,1.653917581E-1,-8.124507964E-2
2.880261155E0,-3.588833287E-2,1.970040351E-1,-1.148426682E-1
2.890261155E0,6.704246253E-2,2.054034323E-1,-1.389718503E-1
2.900261155E0,1.159116775E-1,1.759291887E-1,-1.340849251E-1
2.910261155E0,1.195768714E-1,1.340849251E-1,-1.171334088E-1
2.920261155E0,1.094975919E-1,6.658431143E-2,-8.567385375E-2
2.930261155E0,1.056796908E-1,2.351831272E-2,-4.321871698E-2
2.940261155E0,1.130100712E-1,5.039638374E-3,-4.276056774E-3
2.950261155E0,1.165225431E-1,-1.374446787E-3,4.688390717E-2
2.960261155E0,1.043052375E-1,1.069014147E-2,8.720101416E-2
2.970261155E0,7.376197726E-2,4.138612002E-2,9.575312585E-2
2.980261155E0,3.833179548E-2,9.422596544E-2,8.124507964E-2
2.990261155E0,1.771509275E-2,1.692096740E-1,5.222897977E-2
3.000261155E0,2.168571576E-2,2.477058619E-1,1.832595654E-2
3.010261155E0,2.809980139E-2,3.336851299E-1,-3.741549700E-2
3.020261155E0,2.458732575E-2,4.086688459E-1,-8.338310570E-2
3.030261155E0,-9.162978968E-4,4.456261992E-1,-1.114829108E-1
3.040261155E0,-4.734205827E-2,4.827362597E-1,-1.357648075E-1
3.050261155E0,-1.073595658E-1,5.135849714E-1,-1.443169117E-1
3.060261155E0,-1.576032341E-1,5.062545538E-1,-1.372919679E-1
3.070261155E0,-2.031126916E-1,4.647157490E-1,-1.131627858E-1
3.080261155E0,-2.008219510E-1,4.179845452E-1,-7.910704613E-2
3.090261155E0,-1.739438772E-1,3.871358633E-1,-5.482515693E-2
3.100261155E0,-1.360702366E-1,3.353650272E-1,-2.932153270E-2
3.110261155E0,-9.712757170E-2,2.616030276E-1,-1.374446787E-3
3.120261155E0,-5.314527452E-2,2.185370475E-1,2.046398632E-2
3.130261155E0,1.404990070E-2,1.704314053E-1,4.367686436E-2
3.140261155E0,6.185010448E-2,1.383609772E-1,5.711590126E-2
3.150261155E0,7.895433158E-2,1.371392459E-1,6.322455406E-2
3.160261155E0,7.406741381E-2,1.739438772E-1,5.604688451E-2
3.170261155E0,4.612032697E-2,2.402227521E-1,3.665191308E-2
3.180261155E0,2.183843218E-2,2.955060601E-1,2.458732575E-2
3.190261155E0,-1.374446787E-3,3.607159257E-1,-8.093964309E-3
3.200261155E0,-2.290744567E-3,4.515821338E-1,-5.650503561E-2
3.210261155E0,1.756237634E-2,4.995350540E-1,-9.529497474E-2
3.220261155E0,3.222314268E-2,5.105306506E-1,-1.061378345E-1
3.230261155E0,4.077525437E-2,5.079344511E-1,-9.269879758E-2
3.240261155E0,3.207042441E-2,4.576907754E-1,-6.612616032E-2
3.250261155E0,2.458732575E-2,4.121813178E-1,-3.344487399E-2
3.260261155E0,8.552113548E-3,3.654501438E-1,2.000583708E-2
3.270261155E0,-1.985312067E-2,3.003929853E-1,7.330382615E-2
3.280261155E0,-3.604105115E-2,2.487748712E-1,1.035416573E-1
3.290261155E0,-4.474587739E-2,2.119702399E-1,1.327104717E-1
3.300261155E0,-5.222897977E-2,1.702786833E-1,1.446223408E-1
3.310261155E0,-4.978551716E-2,1.334740520E-1,1.408044398E-1
3.320261155E0,-4.612032697E-2,1.052215397E-1,1.420261711E-1
3.330261155E0,-4.260785133E-2,7.956519723E-2,1.418734491E-1
3.340261155E0,-3.772092983E-2,7.834346592E-2,1.418734491E-1
3.350261155E0,-2.901609987E-2,9.300423414E-2,1.346957833E-1
3.360261155E0,-4.612032697E-2,1.214094684E-1,1.104138941E-1
3.370261155E0,-7.910704613E-2,1.484402567E-1,9.086620808E-2
3.380261155E0,-1.353066564E-1,1.818851233E-1,7.131851465E-2
3.390261155E0,-1.976149082E-1,2.310597748E-1,6.643159688E-2
3.400261155E0,-2.391537428E-1,2.788599730E-1,7.131851465E-2
3.410261155E0,-2.881756723E-1,3.158173263E-1,7.620543987E-2
3.420261155E0,-3.431535661E-1,3.269656301E-1,7.009678334E-2
3.430261155E0,-3.738495409E-1,3.234531581E-1,5.772676691E-2
3.440261155E0,-3.921754956E-1,3.028364480E-1,3.451388702E-2
3.450261155E0,-3.935499489E-1,2.698497176E-1,1.603521220E-2
3.460261155E0,-3.825543523E-1,2.501493096E-1,5.039638374E-3
3.470261155E0,-3.532328308E-1,2.379320115E-1,2.596177394E-3
3.480261155E0,-3.347541690E-1,2.218967974E-1,2.596177394E-3
3.490261155E0,-3.103195429E-1,2.218967974E-1,-3.359758761E-3
3.500261155E0,-2.490803003E-1,2.412917763E-1,-4.428773187E-3
3.510261155E0,-1.704314053E-1,2.950479090E-1,-3.970623948E-3
3.520261155E0,-9.453139454E-2,3.217732608E-1,-3.665191587E-3
3.530261155E0,-3.207042441E-2,3.165809214E-1,-5.955935922E-3
3.540261155E0,3.161227703E-2,2.710714638E-1,-7.177666761E-3
3.540261155E0,3.161227703E-2,2.710714638E-1,-7.177666761E-3
3.560261155E0,6.811147183E-2,1.974621862E-1,1.832595654E-2
3.570261155E0,1.215621829E-1,6.108652428E-2,4.230241850E-2
3.580261155E0,2.058615834E-1,-4.841107130E-2,8.842274547E-2
3.590261155E0,2.706133127E-1,-1.099557430E-1,1.116356254E-1
3.600261155E0,3.400992155E-1,-1.887573600E-1,1.565342247E-1
3.610261155E0,4.123340547E-1,-2.270891517E-1,1.956295967E-1
3.620261155E0,4.809036553E-1,-2.176207453E-1,2.154827118E-1
3.630261155E0,5.555819273E-1,-1.945605874E-1,2.339613885E-1
3.640261155E0,6.033821702E-1,-1.849394590E-1,2.402227521E-1
3.650261155E0,6.107125282E-1,-1.947132945E-1,2.304489166E-1
3.660261155E0,5.925393105E-1,-1.664607823E-1,2.061670274E-1
3.670261155E0,5.374087095E-1,-1.673770845E-1,1.840231568E-1
3.680261155E0,4.663956165E-1,-1.853975952E-1,1.606575549E-1
3.690261155E0,3.634648323E-1,-2.034181207E-1,1.249219403E-1
3.700261155E0,2.727513313E-1,-2.078468949E-1,8.445212245E-2
3.710261155E0,2.055561543E-1,-2.063197345E-1,4.886921868E-2
3.720261155E0,1.369865239E-1,-1.924225539E-1,1.328631863E-2
3.730261155E0,6.230825558E-2,-1.835650057E-1,-6.414085161E-3
3.740261155E0,-2.596177394E-3,-1.783726513E-1,-1.511891466E-2
3.750261155E0,-7.116580009E-2,-1.501201391E-1,-1.023199316E-2
3.760261155E0,-1.531744599E-1,-1.105666086E-1,-7.941247895E-3
3.770261155E0,-2.277000248E-1,-8.704829961E-2,-2.138028294E-2
3.780261155E0,-3.294090927E-1,-5.009094998E-2,-1.298088674E-2
3.790261155E0,-4.248567820E-1,-6.078109145E-2,-1.817324013E-2
3.800261155E0,-4.641048610E-1,-9.254608303E-2,-2.458732575E-2
3.810261155E0,-4.949535728E-1,-1.377501190E-1,-3.451388702E-2
3.820261155E0,-4.937318265E-1,-1.976149082E-1,-4.948008433E-2
3.830261155E0,-4.657847583E-1,-2.527455091E-1,-6.902777404E-2
3.840261155E0,-4.376849532E-1,-3.005456924E-1,-8.506298810E-2
3.850261155E0,-3.851505518E-1,-3.594942093E-1,-1.009454802E-1
3.860261155E0,-3.226895630E-1,-3.889684379E-1,-1.192714423E-1
3.870261155E0,-2.712241709E-1,-3.767511547E-1,-1.397354305E-1
3.880261155E0,-2.025018334E-1,-3.205515444E-1,-1.649336219E-1
3.890261155E0,-1.385136992E-1,-2.470949888E-1,-1.876883507E-1
3.900261155E0,-8.582656831E-2,-2.238821089E-1,-2.081523389E-1
3.910261155E0,-3.054326214E-2,-2.067778856E-1,-2.273945808E-1
3.920261155E0,2.458732575E-2,-1.847867370E-1,-2.417499274E-1
3.930261155E0,7.605272532E-2,-1.627955884E-1,-2.538145185E-1
3.940261155E0,1.325577646E-1,-1.385136992E-1,-2.718350291E-1
3.950261155E0,1.606575549E-1,-1.543961912E-1,-2.777909636E-1
3.960261155E0,1.655444801E-1,-1.863138974E-1,-2.730567753E-1
3.970261155E0,1.727221459E-1,-2.231185287E-1,-2.597704530E-1
3.980261155E0,1.824959964E-1,-2.513710558E-1,-2.464841306E-1
3.990261155E0,1.847867370E-1,-2.588541508E-1,-2.367102802E-1
4.000261155E0,1.835650057E-1,-2.600758672E-1,-2.185370475E-1
4.010261155E0,1.689042449E-1,-2.663372457E-1,-1.879937798E-1
4.020261155E0,1.467603743E-1,-2.590068579E-1,-1.673770845E-1
4.030261155E0,1.223257631E-1,-2.652682364E-1,-1.235474944E-1
4.040261155E0,1.050688252E-1,-2.814561725E-1,-6.276640296E-2
4.050261155E0,9.514226019E-2,-2.742784917E-1,-2.122756653E-2
4.060261155E0,1.379028261E-1,-3.026837409E-1,2.504547499E-2
4.070261155E0,2.026545405E-1,-3.399465084E-1,7.513642311E-2
4.080261155E0,2.539672256E-1,-3.756821156E-1,9.590584040E-2
4.090261155E0,3.005456924E-1,-3.833179474E-1,1.215621829E-1
4.100261155E0,3.090978265E-1,-3.810271919E-1,1.411098689E-1
4.110261155E0,2.784018219E-1,-3.943135142E-1,1.458440721E-1
4.120261155E0,1.925752759E-1,-4.124867618E-1,1.492038369E-1
4.130261155E0,9.712757170E-2,-4.280638099E-1,1.366810948E-1
4.140261155E0,1.756237634E-2,-3.982841372E-1,1.073595658E-1
4.150261155E0,-1.771509275E-2,-3.124575615E-1,8.918632567E-2
4.160261155E0,-2.244929783E-2,-2.351831198E-1,7.849618047E-2
4.170261155E0,-1.374446787E-2,-1.996002197E-1,8.597928286E-2
4.180261155E0,4.581489135E-3,-1.753183305E-1,1.044579595E-1
4.190261155E0,2.183843218E-2,-1.608102769E-1,1.278235465E-1
4.200261155E0,1.802052557E-2,-1.644754708E-1,1.508837193E-1
4.210261155E0,7.024950348E-3,-1.780672222E-1,1.690569520E-1
4.220261155E0,-2.733621933E-2,-1.731802970E-1,1.837177277E-1
4.230261155E0,-9.712757170E-2,-1.594358236E-1,1.908953935E-1
4.240261155E0,-1.815796942E-1,-1.456913650E-1,1.966986060E-1
4.250261155E0,-3.028364480E-1,-1.368338168E-1,1.841758788E-1
4.260261155E0,-4.166100919E-1,-8.857546002E-2,1.670716405E-1
4.270261155E0,-4.862487316E-1,-1.725694351E-2,1.609629989E-1
4.280261155E0,-4.897612035E-1,6.841690838E-2,1.612684280E-1
4.290261155E0,-4.283692539E-1,1.453859210E-1,1.788308024E-1
4.300261155E0,-3.486513495E-1,1.831068546E-1,1.889100820E-1
4.310261155E0,-2.345722616E-1,2.084577680E-1,1.954768747E-1
4.320261155E0,-1.207986027E-1,1.898263693E-1,2.006692290E-1
4.330261155E0,-3.878994286E-2,1.527163088E-1,2.006692290E-1
4.340261155E0,3.466660157E-2,1.317941695E-1,1.861611903E-1
4.350261155E0,7.024950534E-2,1.550070494E-1,1.693623960E-1
4.360261155E0,6.658431143E-2,1.637118906E-1,1.424843222E-1
4.370261155E0,1.542434748E-2,2.070833147E-1,9.132435173E-2
4.380261155E0,-6.887505949E-2,2.638937831E-1,2.306016348E-2
4.390261155E0,-1.250746548E-1,3.109304011E-1,-3.176499158E-2
4.400261155E0,-1.678352207E-1,3.529273868E-1,-9.392052889E-2
4.410261155E0,-1.737911552E-1,3.703370690E-1,-1.524108797E-1
4.420261155E0,-1.310305893E-1,3.532328308E-1,-1.864666194E-1
4.430261155E0,-3.176499158E-2,3.187189400E-1,-2.083050460E-1
4.440261155E0,1.041525230E-1,3.184134960E-1,-2.018909603E-1
4.450261155E0,1.846340150E-1,1.429424733E-1,-2.047925740E-1
4.460261155E0,2.577851415E-1,3.711006418E-2,-1.634064466E-1
4.470261155E0,2.919935882E-1,2.336559631E-2,-1.036943719E-1
4.480261155E0,2.981022298E-1,5.971207842E-2,-3.161227703E-2
4.490261155E0,2.932153046E-1,1.243110746E-1,3.329215571E-2
4.500261155E0,2.652682364E-1,1.963931769E-1,1.017090604E-1
4.510261155E0,2.050980031E-1,2.061670274E-1,1.626428664E-1
4.520261155E0,1.927279830E-1,1.655444801E-1,2.050980031E-1
4.530261155E0,1.974621862E-1,1.163698286E-1,2.390010208E-1
4.540261155E0,2.107485086E-1,4.886921961E-3,2.399173230E-1
4.550261155E0,2.238821089E-1,-1.200350225E-1,2.211332172E-1
4.560261155E0,2.162462920E-1,-2.742784917E-1,1.912008226E-1
4.570261155E0,1.915062517E-1,-3.904955983E-1,1.518000066E-1
4.580261155E0,1.719585657E-1,-3.669773042E-1,1.188132912E-1
4.590261155E0,1.624901593E-1,-2.319760770E-1,8.155050874E-2
4.600261155E0,1.556179225E-1,-5.787948146E-2,5.177082866E-2
4.610261155E0,1.437060535E-1,6.963863969E-2,3.268129006E-2
4.620261155E0,1.047633886E-1,1.753183305E-1,3.665191587E-3
4.630261155E0,4.841107130E-2,1.681406647E-1,-1.725694351E-2
4.640261155E0,-4.276056774E-3,1.377501190E-1,-1.878410578E-2
4.650261155E0,-7.788532227E-2,6.933320314E-2,-1.802052557E-2
4.660261155E0,-1.504255682E-1,-2.244929783E-2,-7.483099122E-3
4.670261155E0,-1.934915632E-1,-7.742717117E-2,6.719517522E-3
4.680261155E0,-1.910481006E-1,-1.082758680E-1,2.367102914E-2
4.690261155E0,-1.554652005E-1,-8.139779419E-2,3.481931984E-2
4.700261155E0,-9.789115191E-2,-4.108068720E-2,3.634648025E-2
4.710261155E0,-5.955935922E-3,2.748893574E-3,2.947424725E-2
4.720261155E0,8.964447677E-2,2.076941915E-2,3.481931984E-2
4.730261155E0,1.681406647E-1,2.794708498E-2,4.352414981E-2
4.740261155E0,2.440406680E-1,2.519819140E-2,4.260785133E-2
4.750261155E0,2.733621895E-1,-1.649336144E-2,3.512475267E-2
4.760261155E0,2.646573782E-1,-5.192354694E-2,2.397646010E-2
4.770261155E0,2.510656118E-1,-9.590584040E-2,9.162978269E-3
4.780261155E0,2.437352389E-1,-1.154535338E-1,-1.282817032E-2
4.790261155E0,2.327396572E-1,-1.350012124E-1,-2.519819140E-2
4.800261155E0,2.191479057E-1,-1.508837193E-1,-2.901609987E-2
4.810261155E0,2.008219510E-1,-1.507309973E-1,-2.657263726E-2
4.820261155E0,2.032654136E-1,-1.398881376E-1,-7.024950348E-3
4.830261155E0,2.301434875E-1,-1.388191283E-1,1.618792862E-2
4.840261155E0,2.729040384E-1,-1.611157060E-1,6.017022580E-2
4.850261155E0,3.144428730E-1,-1.921171248E-1,9.804387391E-2
4.860261155E0,3.413209617E-1,-2.191479057E-1,1.137736514E-1
4.870261155E0,3.462078869E-1,-2.364048511E-1,1.125519201E-1
4.880261155E0,3.278819323E-1,-2.325869352E-1,9.178250283E-2
4.890261155E0,2.764165103E-1,-2.335032374E-1,7.941248268E-2
4.900261155E0,1.685988009E-1,-2.576324046E-1,6.933320314E-2
4.910261155E0,4.123340547E-2,-2.805398703E-1,4.932736978E-2
4.920261155E0,-5.192354694E-2,-2.961169183E-1,3.436116874E-2
4.930261155E0,-1.583668143E-1,-2.895501256E-1,-1.221730490E-3
4.940261155E0,-2.208277881E-1,-2.695443034E-1,-4.291328415E-2
4.950261155E0,-2.367102802E-1,-2.461786866E-1,-7.086037099E-2
4.960261155E0,-2.365575731E-1,-1.944078654E-1,-1.084285825E-1
4.970261155E0,-2.399173230E-1,-1.110247597E-1,-1.435533315E-1
4.980261155E0,-2.470949888E-1,-2.382374369E-2,-1.675297916E-1
4.990261155E0,-2.577851415E-1,7.299839705E-2,-1.769981980E-1
5.000261155E0,-2.907718420E-1,1.441642046E-1,-1.817324162E-1
5.010261155E0,-3.310889602E-1,1.786780804E-1,-1.852448881E-1
5.020261155E0,-3.811798990E-1,2.093740702E-1,-1.951714456E-1
5.030261155E0,-4.105014503E-1,2.377792895E-1,-2.047925740E-1
5.040261155E0,-4.214970171E-1,2.292271852E-1,-2.012801021E-1
5.050261155E0,-4.118759036E-1,1.910481006E-1,-1.769981980E-1
5.060261155E0,-3.827070892E-1,1.282816976E-1,-1.429424733E-1
5.070261155E0,-3.375030458E-1,6.918048859E-2,-1.088867337E-1
5.080261155E0,-2.544253767E-1,1.496619824E-2,-6.383541971E-2
5.090261155E0,-1.614211351E-1,-6.414085161E-3,-2.214386500E-2
5.100261155E0,-7.452555746E-2,6.108652451E-4,4.886921961E-3
5.110261155E0,-2.428189293E-2,1.389718428E-2,1.847867295E-2
5.120261155E0,2.611448988E-2,4.673119262E-2,2.733621933E-2
5.130261155E0,6.169738993E-2,9.086620808E-2,1.786780916E-2
5.140261155E0,7.162395120E-2,1.178969890E-1,-1.527163084E-3
5.150261155E0,4.596760869E-2,1.241583601E-1,-2.474004216E-2
5.160261155E0,-8.093964309E-3,7.528914511E-2,-4.337143153E-2
5.170261155E0,-5.345070735E-2,2.535090782E-2,-6.688974798E-2
5.180261155E0,-8.781187981E-2,-1.970040426E-2,-1.000291854E-1
5.190261155E0,-8.918632567E-2,-6.246097013E-2,-1.185078546E-1
5.200261155E0,-7.086037099E-2,-8.338310570E-2,-1.221730486E-1
5.210261155E0,-2.932153270E-2,-1.006400511E-1,-1.172861308E-1
5.220261155E0,2.214386500E-2,-9.101892263E-2,-1.134682223E-1
5.230261155E0,6.017022580E-2,-7.284568250E-2,-9.865473956E-2
5.240261155E0,1.006400511E-1,-6.078109145E-2,-7.040221989E-2
5.250261155E0,1.214094684E-1,-4.016438872E-2,-4.214970022E-2
5.260261155E0,1.276708394E-1,-1.817324013E-2,-2.993239649E-2
5.270261155E0,1.166752651E-1,1.374446787E-3,-1.771509275E-2
5.280261155E0,1.081231460E-1,1.114829071E-2,-1.160643995E-2
5.290261155E0,1.044579595E-1,3.940080851E-2,-2.367102914E-2
5.300261155E0,1.119410545E-1,9.453139454E-2,-3.680463135E-2
5.310261155E0,1.279762685E-1,1.447750628E-1,-3.543018550E-2
5.320261155E0,1.440114826E-1,1.753183305E-1,-2.672535367E-2
5.330261155E0,1.685988009E-1,2.020436823E-1,-5.803219974E-3
5.340261155E0,1.783726513E-1,2.092213482E-1,2.474004216E-2
5.350261155E0,1.832595766E-1,1.944078654E-1,5.039638281E-2
5.360261155E0,1.855503172E-1,1.710422635E-1,8.323039114E-2
5.370261155E0,1.792889535E-1,1.403462887E-1,1.036943719E-1
5.380261155E0,1.670716405E-1,1.157589629E-1,1.085812971E-1
5.390261155E0,1.510364264E-1,6.688974798E-2,1.046106741E-1
5.400261155E0,1.496619880E-1,5.650503561E-3,8.857546002E-2
5.410261155E0,1.631010175E-1,-1.007927675E-2,6.169738993E-2
5.420261155E0,1.840231568E-1,-2.748893574E-3,4.230241850E-2
5.430261155E0,2.157881409E-1,9.468411095E-3,3.512475267E-2
5.440261155E0,2.316706479E-1,9.315694682E-3,4.734205827E-2
5.450261155E0,2.316706479E-1,-1.649336144E-2,6.551529467E-2
5.460261155E0,2.118175179E-1,-7.299839705E-2,9.941831976E-2
5.470261155E0,1.835650057E-1,-1.453859210E-1,1.404990107E-1
5.480261155E0,1.551597714E-1,-1.980730593E-1,1.609629989E-1
5.490261155E0,1.195768714E-1,-2.422080636E-1,1.826487035E-1
5.500261155E0,8.643743396E-2,-2.640464902E-1,1.847867370E-1
5.510261155E0,6.062837690E-2,-2.565633953E-1,1.737911552E-1
5.520261155E0,3.145955876E-2,-2.049452960E-1,1.458440721E-1
5.530261155E0,-5.039638374E-3,-1.446223408E-1,1.046106741E-1
5.540261155E0,-3.436116874E-2,-1.211040318E-1,7.773260027E-2
5.550261155E0,-7.483099401E-2,-1.026253626E-1,5.451972410E-2
5.560261155E0,-1.064432710E-1,-7.788532227E-2,2.779436857E-2
5.570261155E0,-1.346957833E-1,-7.024950534E-2,6.872233935E-3
5.580261155E0,-1.849394590E-1,-8.597928286E-2,-1.649336144E-2
5.590261155E0,-2.486221492E-1,-9.911288321E-2,-4.963280261E-2
5.600261155E0,-2.950479090E-1,-1.024726480E-1,-8.017606288E-2
5.610261155E0,-3.404046595E-1,-1.010981947E-1,-1.157589629E-1
5.620261155E0,-3.733913898E-1,-8.613199741E-2,-1.498146951E-1
5.630261155E0,-3.904955983E-1,-7.605272532E-2,-1.754710376E-1
5.640261155E0,-3.988949955E-1,-5.513058975E-2,-1.997529417E-1
5.650261155E0,-3.988949955E-1,-2.687807009E-2,-2.070833147E-1
5.660261155E0,-3.891211748E-1,-2.336559631E-2,-2.044871449E-1
5.670261155E0,-3.608686328E-1,-1.527163113E-4,-1.994474977E-1
5.680261155E0,-3.142901659E-1,2.061670274E-2,-1.931861341E-1
5.690261155E0,-2.738203406E-1,1.924225502E-2,-1.857030392E-1
5.700261155E0,-2.235766798E-1,2.382374369E-2,-1.747074574E-1
5.710261155E0,-1.684460938E-1,2.977968007E-2,-1.598939747E-1
5.720261155E0,-1.269072592E-1,2.458732575E-2,-1.340849251E-1
5.730261155E0,-9.758572280E-2,1.221730490E-3,-1.085812971E-1
5.740261155E0,-7.192938030E-2,-2.840523422E-2,-7.681630552E-2
5.750261155E0,-5.131268129E-2,-5.681046844E-2,-5.009094998E-2
5.760261155E0,-3.298672289E-2,-6.551529467E-2,-3.420845419E-2
5.770261155E0,-4.734205548E-3,-6.811147183E-2,-8.552113548E-3
5.780261155E0,2.825251780E-2,-7.696902007E-2,1.221730467E-2
5.790261155E0,5.513058975E-2,-7.330382615E-2,2.214386500E-2
5.800261155E0,8.949175477E-2,-6.734789163E-2,2.947424725E-2
5.810261155E0,1.275181174E-1,-4.917465150E-2,3.711006418E-2
5.820261155E0,1.643227488E-1,-3.817907721E-2,3.588833287E-2
5.830261155E0,2.058615834E-1,-4.321871698E-2,3.359758854E-2
5.840261155E0,2.451096773E-1,-5.070181563E-2,3.130684420E-2
5.850261155E0,2.683225572E-1,-7.162395120E-2,4.108068720E-2
5.860261155E0,2.829833329E-1,-1.035416573E-1,5.558873713E-2
5.870261155E0,2.742784917E-1,-1.317941695E-1,7.009678334E-2
5.880261155E0,2.667953968E-1,-1.478293836E-1,7.849618047E-2
5.890261155E0,2.545780838E-1,-1.490511149E-1,8.704829961E-2
5.900261155E0,2.559525371E-1,-1.195768714E-1,9.193521738E-2
5.910261155E0,2.620611787E-1,-8.292495459E-2,1.043052375E-1
5.920261155E0,2.634356320E-1,-5.345070735E-2,9.957103431E-2
5.930261155E0,2.561052442E-1,-3.619376570E-2,8.750644326E-2
5.940261155E0,2.499966025E-1,-2.275473066E-2,7.528914511E-2
5.950261155E0,2.463314086E-1,-2.260201424E-2,4.841107130E-2
5.960261155E0,2.414444834E-1,-4.703662544E-2,3.130684420E-2
5.970261155E0,2.341141105E-1,-5.558873713E-2,2.519819140E-2
5.980261155E0,2.205223590E-1,-7.269296050E-2,3.237585723E-2
5.990261155E0,1.922698319E-1,-9.224065393E-2,4.566217586E-2
6.000261155E0,1.566869318E-1,-1.117883399E-1,5.635231733E-2
6.010261155E0,1.137736514E-1,-1.214094684E-1,5.497787148E-2
6.020261155E0,8.093964309E-2,-7.483099401E-2,4.046982154E-2
6.030261155E0,6.276640296E-2,-1.328631863E-2,4.123340361E-3
6.040261155E0,7.376197726E-2,8.857546374E-3,-3.726277873E-2
6.050261155E0,1.178969890E-1,7.788531948E-3,-6.765332818E-2
6.060261155E0,1.742493063E-1,-1.328631863E-2,-8.093964309E-2
6.070261155E0,2.318233550E-1,-2.687807009E-2,-7.971791178E-2
6.080261155E0,3.003929853E-1,-3.329215571E-2,-5.390885845E-2
6.090261155E0,3.394883573E-1,-6.047565863E-2,-3.069597855E-2
6.100261155E0,3.517056704E-1,-8.261952549E-2,-2.336559631E-2
6.110261155E0,3.295617998E-1,-8.384125680E-2,-1.496619824E-2
6.120261155E0,2.597704530E-1,-8.246681094E-2,-4.123340361E-3
6.130261155E0,2.083050460E-1,-9.819658846E-2,-1.985311974E-3
6.140261155E0,1.371392459E-1,-1.334740520E-1,-5.955935922E-3
6.150261155E0,3.420845419E-2,-1.650863290E-1,-2.092213556E-2
6.160261155E0,-3.817907721E-2,-1.989893466E-1,-3.466660157E-2
6.170261155E0,-7.498370856E-2,-2.269364446E-1,-6.169738993E-2
6.180261155E0,-5.146539584E-2,-1.841758788E-1,-7.620543987E-2
6.190261155E0,-3.054326214E-2,-1.241583601E-1,-6.856962293E-2
6.200261155E0,-2.183843218E-2,-7.406741381E-2,-4.276056588E-2
6.210261155E0,-6.108652428E-2,-6.078109145E-2,1.817324013E-2
6.220261155E0,-1.224784851E-1,-4.489859566E-2,7.406741381E-2
6.230261155E0,-2.069306076E-1,-2.168571576E-2,1.507309973E-1
6.240261155E0,-2.780964077E-1,-2.183843218E-2,2.249511331E-1
6.250261155E0,-3.271183372E-1,-9.162978968E-4,2.481640130E-1
6.260261155E0,-3.526219726E-1,4.825835302E-2,2.214386463E-1
6.270261155E0,-3.561344445E-1,1.098030284E-1,1.667662114E-1
6.280261155E0,-3.584251702E-1,1.553124934E-1,1.229366288E-1
6.290261155E0,-4.097378552E-1,1.617265791E-1,7.773260027E-2
6.300261155E0,-5.506950021E-1,9.728029370E-2,4.902193695E-2
6.310261155E0,-7.003570199E-1,3.665191308E-2,1.298088674E-2
6.320261155E0,-8.582656980E-1,1.649336144E-2,-3.741549700E-2
6.330261155E0,-9.305005074E-1,1.679879427E-2,-6.444628537E-2
6.340261155E0,-9.268352985E-1,-3.054326226E-4,-6.704246253E-2
6.350261155E0,-8.374962807E-1,5.497787148E-3,-4.230241850E-2
6.360261155E0,-6.719517708E-1,9.560041130E-2,-2.076941915E-2
6.370261155E0,-5.074763298E-1,2.359467000E-1,-1.603521220E-2
6.380261155E0,-4.056145251E-1,3.263547719E-1,-9.315694682E-3
6.390261155E0,-3.075706363E-1,3.578143120E-1,1.053742506E-2
6.400261155E0,-2.316706479E-1,3.477350473E-1,2.412917651E-2
6.410261155E0,-1.740965992E-1,3.292563558E-1,2.183843218E-2
6.420261155E0,-1.140790880E-1,3.008511364E-1,9.621127509E-3
6.430261155E0,-6.658431143E-2,2.408336252E-1,-6.261368748E-3
6.440261155E0,-3.604105115E-2,1.782199293E-1,-2.107485011E-2
6.450261155E0,1.527163107E-2,1.243110746E-1,-3.329215571E-2
6.460261155E0,1.010981947E-1,1.069014147E-1,-5.268712714E-2
6.470261155E0,1.879937798E-1,1.006400511E-1,-5.971207842E-2
6.480261155E0,3.068070710E-1,1.198823079E-1,-5.574145541E-2
6.490261155E0,4.196644127E-1,1.623374373E-1,-5.161811411E-2
6.500261155E0,4.967861474E-1,1.902845204E-1,-4.382958263E-2
6.510261155E0,5.679519773E-1,2.353358418E-1,-3.619376570E-2
6.520261155E0,5.974262357E-1,2.438879460E-1,-2.504547499E-2
6.530261155E0,5.984952450E-1,2.193006277E-1,-1.420261711E-2
6.540261155E0,6.021603942E-1,1.971567571E-1,1.007927675E-2
6.550261155E0,6.068946123E-1,1.687515229E-1,4.046982154E-2
6.560261155E0,6.142250299E-1,1.282816976E-1,6.597344577E-2
6.570261155E0,6.287330389E-1,8.017606288E-2,9.498954564E-2
6.580261155E0,6.543893814E-1,5.681046844E-2,1.194241568E-1
6.590261155E0,6.629415154E-1,4.688390717E-2,1.463022232E-1
6.600261155E0,6.530149579E-1,4.184427112E-2,1.754710376E-1
6.610261155E0,6.174320579E-1,4.306599870E-2,2.058615834E-1
6.620261155E0,5.635231733E-1,3.817907721E-2,2.263255715E-1
6.630261155E0,4.654793143E-1,1.511891466E-2,2.370157093E-1
6.640261155E0,3.527746797E-1,9.468411095E-3,2.208277881E-1
6.650261155E0,2.524400651E-1,9.773843922E-3,1.924225539E-1
6.660261155E0,1.189660057E-1,2.519819140E-2,1.434006095E-1
6.670261155E0,-7.024950348E-3,3.924809024E-2,7.483099401E-2
6.680261155E0,-7.666359097E-2,7.651086897E-2,7.635815535E-3
6.690261155E0,-8.155050874E-2,1.183551401E-1,-2.748893574E-2
6.700261155E0,-4.459316283E-2,1.588249654E-1,-5.039638281E-2
6.710261155E0,1.175915636E-2,1.966986060E-1,-5.375614017E-2
6.720261155E0,4.978551716E-2,2.160935849E-1,-4.382958263E-2
6.730261155E0,8.032877743E-2,1.913535446E-1,-1.588249579E-2
6.740261155E0,7.528914511E-2,1.127046347E-1,3.145955876E-2
6.750261155E0,5.054909736E-2,3.909537569E-2,7.009678334E-2
6.760261155E0,1.725694351E-2,-2.947424725E-2,9.529497474E-2
6.770261155E0,-6.108652335E-3,-5.513058975E-2,8.170322329E-2
6.780261155E0,-1.832595654E-2,-6.475171447E-2,7.315111160E-2
6.790261155E0,-7.330383174E-3,-5.009094998E-2,6.108652428E-2
6.800261155E0,5.039638374E-3,-3.543018550E-2,5.497787148E-2
6.810261155E0,7.483099122E-3,-1.939497143E-2,5.268712714E-2
6.820261155E0,6.414085161E-3,9.926560335E-3,5.039638281E-2
6.830261155E0,1.252273750E-2,4.306599870E-2,4.688390717E-2
6.840261155E0,2.000583708E-2,6.383541971E-2,4.932736978E-2
6.850261155E0,3.222314268E-2,6.872233748E-2,5.070181563E-2
6.860261155E0,2.977968007E-2,6.139195710E-2,5.054909736E-2
6.870261155E0,3.970623948E-3,3.573561832E-2,4.795292020E-2
6.880261155E0,-4.886921868E-2,-1.557706390E-2,4.153883830E-2
6.890261155E0,-8.552113175E-2,-3.741549700E-2,1.328631863E-2
6.900261155E0,-1.001819000E-1,-3.115412779E-2,-1.359175146E-2
6.910261155E0,-1.136209369E-1,-2.748893574E-3,-4.642575979E-2
6.920261155E0,-1.134682223E-1,4.138612002E-2,-6.444628537E-2
6.930261155E0,-9.132435173E-2,7.574728876E-2,-7.895433158E-2
6.940261155E0,-4.963280261E-2,1.062905490E-1,-8.231408894E-2
6.950261155E0,4.276056774E-3,1.171334088E-1,-7.605272532E-2
6.960261155E0,4.474587739E-2,1.059851199E-1,-6.994406879E-2
6.970261155E0,7.162395120E-2,8.139779419E-2,-6.261368841E-2
6.980261155E0,7.880161703E-2,5.070181563E-2,-5.421429127E-2
6.990261155E0,7.620543987E-2,7.788531948E-3,-4.092797264E-2
7.000261155E0,6.383541971E-2,-3.772092983E-2,-2.290744707E-2
7.010261155E0,5.772676691E-2,-7.452555746E-2,-2.290744567E-3
7.020261155E0,7.345654815E-2,-9.911288321E-2,1.114829071E-2
7.030261155E0,9.071348608E-2,-1.017090604E-1,2.703078650E-2
7.040261155E0,1.224784851E-1,-9.575312585E-2,4.169155285E-2
7.050261155E0,1.653917581E-1,-9.957103431E-2,5.161811411E-2
7.060261155E0,2.032654136E-1,-1.033889428E-1,5.528330430E-2
7.070261155E0,2.339613885E-1,-9.850201756E-2,5.177082866E-2
7.080261155E0,2.339613885E-1,-9.972374886E-2,4.932736978E-2
7.090261155E0,2.203696370E-1,-1.082758680E-1,5.054909736E-2
7.100261155E0,1.689042449E-1,-1.241583601E-1,5.757404864E-2
7.110261155E0,9.056077152E-2,-1.409571618E-1,5.849034712E-2
7.120261155E0,4.276056588E-2,-1.446223408E-1,5.589416996E-2
7.130261155E0,1.206458826E-2,-1.432479024E-1,5.955936015E-2
7.140261155E0,-1.252273750E-2,-1.627955884E-1,7.406741381E-2
7.150261155E0,-2.474004216E-2,-1.922698319E-1,8.964447677E-2
7.160261155E0,-2.367102914E-2,-2.107485086E-1,1.091921628E-1
7.170261155E0,9.162978968E-4,-1.913535446E-1,1.336267740E-1
7.180261155E0,2.290744707E-2,-1.719585657E-1,1.557706445E-1
7.190261155E0,3.039054573E-2,-1.328631938E-1,1.840231568E-1
7.200261155E0,2.428189293E-2,-8.872817457E-2,1.878410578E-1
7.210261155E0,-9.926560335E-3,-6.658431143E-2,1.792889535E-1
7.220261155E0,-8.827003092E-2,-7.116580009E-2,1.533271819E-1
7.230261155E0,-1.751656085E-1,-4.749477282E-2,1.203404516E-1
7.240261155E0,-2.313652188E-1,-1.832595794E-3,8.613199741E-2
7.250261155E0,-2.813034356E-1,5.986479297E-2,5.085453019E-2
7.260261155E0,-3.291036487E-1,7.956519723E-2,3.130684420E-2
7.270261155E0,-3.657555580E-1,7.116580009E-2,1.786780916E-2
7.280261155E0,-3.915646076E-1,5.543602258E-2,-4.276056774E-3
7.290261155E0,-4.013384581E-1,3.726277873E-2,-3.115412779E-2
7.300261155E0,-4.074471295E-1,2.153299935E-2,-6.414084882E-2
7.310261155E0,-4.075998366E-1,-4.123340361E-3,-8.750644326E-2
7.320261155E0,-3.744603992E-1,-7.788531948E-3,-1.203404516E-1
7.330261155E0,-3.057380617E-1,1.908953860E-2,-1.444696337E-1
7.340261155E0,-2.345722616E-1,5.451972410E-2,-1.623374373E-1
7.350261155E0,-1.499674171E-1,8.246681094E-2,-1.754710376E-1
7.360261155E0,-6.551529467E-2,9.453139454E-2,-1.824959964E-1
7.370261155E0,-6.566801574E-3,1.017090604E-1,-1.858557463E-1
7.380261155E0,3.252857551E-2,9.300423414E-2,-1.895209402E-1
7.390261155E0,4.841107130E-2,6.856962293E-2,-1.919644028E-1
7.400261155E0,4.841107130E-2,5.131268129E-2,-1.956295967E-1
7.410261155E0,5.070181563E-2,2.932153270E-2,-1.908953935E-1
7.420261155E0,7.040221989E-2,1.939497143E-2,-1.860084683E-1
7.430261155E0,9.728029370E-2,2.901609987E-2,-1.736384481E-1
7.440261155E0,1.241583601E-1,9.315694682E-3,-1.408044398E-1
7.450261155E0,1.620320082E-1,-3.023782931E-2,-1.055269688E-1
7.460261155E0,2.011273801E-1,-3.909537569E-2,-7.605272532E-2
7.470261155E0,2.550362349E-1,-3.940080851E-2,-3.940080851E-2
7.480261155E0,2.745839357E-1,-3.833179548E-2,-6.414085161E-3
7.490261155E0,2.683225572E-1,-4.703662544E-2,1.908953860E-2
7.500261155E0,2.486221492E-1,-7.528914511E-2,4.459316283E-2
7.510261155E0,2.180788964E-1,-9.117163718E-2,4.810563847E-2
7.520261155E0,1.886046380E-1,-9.468411654E-2,4.184427112E-2
7.530261155E0,1.507309973E-1,-8.231408894E-2,3.207042441E-2
7.540261155E0,1.078177169E-1,-7.605272532E-2,2.718350291E-2
7.550261155E0,6.979135424E-2,-8.811730891E-2,2.336559631E-2
7.560261155E0,3.665191308E-2,-1.223257631E-1,1.939497143E-2
7.570261155E0,1.832595654E-2,-1.516472995E-1,2.412917651E-2
7.580261155E0,2.672535367E-2,-1.811215430E-1,3.130684420E-2
7.590261155E0,6.352998316E-2,-1.947132945E-1,3.145955876E-2
7.600261155E0,1.235474944E-1,-1.899790913E-1,3.039054573E-2
7.610261155E0,1.675297916E-1,-1.963931769E-1,4.260785133E-2
7.620261155E0,1.687515229E-1,-2.012801021E-1,5.726861581E-2
7.630261155E0,1.209513173E-1,-2.306016237E-1,8.017606288E-2
7.640261155E0,1.786780916E-2,-2.892446816E-1,9.193521738E-2
7.650261155E0,-9.865473956E-2,-3.207042515E-1,8.781187981E-2
7.660261155E0,-2.542726696E-1,-3.568980098E-1,6.643159688E-2
7.670261155E0,-3.889684379E-1,-3.993531466E-1,3.054326214E-2
7.680261155E0,-4.662429094E-1,-4.051563740E-1,9.621127509E-3
7.690261155E0,-5.346598029E-1,-3.619376719E-1,3.512475174E-3
7.700261155E0,-5.711590052E-1,-2.652682364E-1,3.176499158E-2
7.710261155E0,-5.551238060E-1,-2.090686262E-1,7.101308554E-2
7.720261155E0,-4.497495294E-1,-1.496619880E-1,1.301143020E-1
7.730261155E0,-3.246748745E-1,-9.376781434E-2,1.757764816E-1
7.740261155E0,-2.561052442E-1,-6.704246253E-2,1.846340150E-1
7.750261155E0,-2.536617815E-1,-6.078109145E-2,1.518000066E-1
7.760261155E0,-3.161227703E-1,-9.468411654E-2,9.651670605E-2
7.770261155E0,-3.785837293E-1,-1.383609772E-1,4.138612002E-2
7.780261155E0,-4.324925840E-1,-1.453859210E-1,-1.252273750E-2
7.790261155E0,-4.298964143E-1,-9.117163718E-2,-5.619960278E-2
7.800261155E0,-3.868304193E-1,-5.329799280E-2,-7.177666575E-2
7.810261155E0,-3.194825351E-1,-2.779436857E-2,-7.635815442E-2
7.820261155E0,-2.420553565E-1,3.588833287E-2,-1.014036313E-1
7.830261155E0,-1.708895564E-1,9.086620808E-2,-1.253800988E-1
7.840261155E0,-8.872817457E-2,1.276708394E-1,-1.652390510E-1
7.850261155E0,-4.932736978E-2,1.435533315E-1,-1.992947906E-1
7.860261155E0,-3.115412779E-2,1.067487001E-1,-2.139555514E-1
7.870261155E0,-4.108068720E-2,2.596177347E-2,-2.228130996E-1
7.880261155E0,-7.681630552E-2,-5.222897977E-2,-2.293798923E-1
7.890261155E0,-1.197295859E-1,-1.110247597E-1,-2.223549485E-1
7.900261155E0,-2.032654136E-1,-1.708895564E-1,-2.034181207E-1
7.910261155E0,-2.964223623E-1,-1.829541475E-1,-1.768454909E-1
7.920261155E0,-3.379611969E-1,-1.511891484E-1,-1.317941695E-1
7.930261155E0,-3.562871516E-1,-9.025534242E-2,-5.589416996E-2
7.940261155E0,-3.378084898E-1,-1.206458826E-2,6.566801574E-3
7.950261155E0,-2.593123019E-1,4.016438872E-2,5.085453019E-2
7.960261155E0,-1.685988009E-1,8.521570265E-2,6.475171447E-2
7.970261155E0,-6.062837690E-2,1.682933718E-1,4.948008433E-2
7.980261155E0,4.367686436E-2,2.072360367E-1,3.054326214E-2
7.990261155E0,1.171334088E-1,2.156354338E-1,1.237002108E-2
8.000261155E0,1.649336219E-1,2.058615834E-1,-2.779436857E-2
8.010261155E0,1.539380401E-1,1.705841124E-1,-6.688974798E-2
8.020261155E0,9.376781434E-2,1.401935667E-1,-9.285151958E-2
8.030261155E0,-9.162978269E-3,1.024726480E-1,-9.086620808E-2
8.040261155E0,-1.098030284E-1,4.749477282E-2,-5.345070735E-2
8.050261155E0,-1.834122837E-1,1.572977938E-2,-1.725694351E-2
8.060261155E0,-2.755002379E-1,-2.596177347E-2,3.359758854E-2
8.070261155E0,-3.590360582E-1,-1.018617824E-1,1.000291854E-1
8.080261155E0,-3.909537494E-1,-1.644754708E-1,1.449277848E-1
8.090261155E0,-3.654501438E-1,-1.916589737E-1,1.740965992E-1
8.100261155E0,-2.869539559E-1,-1.563815027E-1,1.780672222E-1
8.110261155E0,-2.280054539E-1,-1.014036313E-1,1.650863290E-1
8.120261155E0,-1.835650057E-1,-9.468411095E-3,1.253800988E-1
8.130261155E0,-1.663080603E-1,7.284568250E-2,8.903361112E-2
8.140261155E0,-1.930334121E-1,8.903361112E-2,4.764748737E-2
8.150261155E0,-2.739730477E-1,3.802636266E-2,-1.252273750E-2
8.160261155E0,-3.843869567E-1,-4.963280261E-2,-6.322455406E-2
8.170261155E0,-4.628831446E-1,-1.227839142E-1,-9.666942805E-2
8.180261155E0,-5.439754725E-1,-1.959350258E-1,-1.276708394E-1
8.190261155E0,-5.807801485E-1,-2.411390543E-1,-1.534798890E-1
8.200261155E0,-5.647448897E-1,-2.336559594E-1,-1.692096740E-1
8.210261155E0,-4.641048610E-1,-1.580613852E-1,-1.663080603E-1
8.220261155E0,-3.268128932E-1,-5.192354694E-2,-1.459967941E-1
8.230261155E0,-2.015855312E-1,4.566217586E-2,-1.146899462E-1
8.240261155E0,-3.848451003E-2,1.527163088E-1,-6.750060618E-2
8.250261155E0,9.636399150E-2,2.157881409E-1,-1.695151068E-2
8.260261155E0,1.980730593E-1,2.521346211E-1,3.115412779E-2
8.270261155E0,2.593123019E-1,2.664899528E-1,7.406741381E-2
8.280261155E0,2.898555696E-1,2.489275932E-1,1.227839142E-1
8.290261155E0,2.958115041E-1,2.377792895E-1,1.568396538E-1
8.300261155E0,2.884811163E-1,2.315179259E-1,1.739438772E-1
8.310261155E0,2.787072659E-1,2.193006277E-1,1.908953935E-1
8.320261155E0,2.797762752E-1,2.105957866E-1,2.006692290E-1
8.330261155E0,2.846632004E-1,1.983784884E-1,1.945605874E-1
8.340261155E0,2.932153046E-1,1.727221459E-1,1.858557463E-1
8.350261155E0,3.103195429E-1,1.605048478E-1,1.713477075E-1
8.360261155E0,3.226895630E-1,1.666134894E-1,1.603521258E-1
8.370261155E0,3.178026378E-1,1.631010175E-1,1.408044398E-1
8.380261155E0,2.661845386E-1,1.178969890E-1,1.246165112E-1
8.390261155E0,2.098322064E-1,7.528914511E-2,1.096503139E-1
8.400261155E0,1.496619880E-1,4.123340547E-2,9.468411654E-2
8.410261155E0,1.104138941E-1,1.939497143E-2,8.109235764E-2
8.420261155E0,8.109235764E-2,1.069014193E-3,7.131851465E-2
8.430261155E0,3.940080851E-2,-3.298672289E-2,5.635231733E-2
8.440261155E0,-1.069014193E-3,-5.619960278E-2,3.787364438E-2
8.450261155E0,-2.565634064E-2,-5.100724846E-2,1.099557430E-2
8.460261155E0,-4.505131021E-2,-3.619376570E-2,-1.954768784E-2
8.470261155E0,-3.756821156E-2,1.664607786E-2,-4.856378585E-2
8.480261155E0,-1.542434748E-2,8.032877743E-2,-7.009678334E-2
8.490261155E0,2.275473066E-2,1.429424733E-1,-9.422596544E-2
8.500261155E0,6.322455406E-2,1.649336219E-1,-1.024726480E-1
8.510261155E0,1.061378345E-1,1.879937798E-1,-1.010981947E-1
8.520261155E0,1.699732542E-1,2.232712507E-1,-9.712757170E-2
8.530261155E0,2.336559594E-1,2.512183189E-1,-8.093964309E-2
8.540261155E0,2.729040384E-1,2.620611787E-1,-6.261368841E-2
8.550261155E0,2.826778889E-1,2.411390543E-1,-3.573561832E-2
8.560261155E0,2.776382565E-1,1.919644028E-1,-4.276056774E-3
8.570261155E0,2.616030276E-1,1.649336219E-1,2.489275858E-2
8.580261155E0,2.333505303E-1,1.380555481E-1,4.535674304E-2
8.590261155E0,1.988366395E-1,1.012509167E-1,6.826419383E-2
8.600261155E0,1.927279830E-1,8.032877743E-2,7.681630552E-2
8.610261155E0,1.866193265E-1,8.536841720E-2,7.559457421E-2
8.620261155E0,1.878410578E-1,8.781187981E-2,7.437284291E-2
8.630261155E0,1.902845204E-1,9.636399150E-2,7.559457421E-2
8.640261155E0,1.805106848E-1,8.903361112E-2,8.032877743E-2
8.650261155E0,1.595885456E-1,6.459899992E-2,7.299839705E-2
8.660261155E0,1.521054506E-1,3.649919853E-2,6.551529467E-2
8.670261155E0,1.618792862E-1,1.313360315E-2,4.841107130E-2
8.680261155E0,1.901318133E-1,-3.970623948E-3,2.641992271E-2
8.690261155E0,2.206750661E-1,-7.635815535E-3,-1.527163084E-3
8.700261155E0,2.415972054E-1,-1.359175146E-2,-2.474004216E-2
8.710261155E0,2.611449063E-1,-3.313944116E-2,-5.146539584E-2
8.720261155E0,2.721404731E-1,-5.879577994E-2,-7.360926270E-2
8.730261155E0,2.635883391E-1,-8.216137439E-2,-8.093964309E-2
8.740261155E0,2.548835278E-1,-9.178250283E-2,-8.720101416E-2
8.750261155E0,2.585487068E-1,-9.682214260E-2,-7.254024595E-2
8.760261155E0,2.745839357E-1,-8.216137439E-2,-6.750060618E-2
8.770261155E0,3.026837409E-1,-6.643159688E-2,-5.024366826E-2
8.780261155E0,3.407101035E-1,-5.314527452E-2,-2.825251780E-2
8.790261155E0,3.736968040E-1,-4.963280261E-2,-9.773843922E-3
8.800261155E0,4.080579877E-1,-3.023782931E-2,1.527163113E-4
8.810261155E0,4.473060668E-1,-2.428189293E-2,2.092213556E-2
8.820261155E0,4.766276181E-1,-2.687807009E-2,3.695734590E-2
8.830261155E0,4.973970354E-1,-3.436116874E-2,5.528330430E-2
8.840261155E0,5.022839308E-1,-5.161811411E-2,7.956519723E-2
8.850261155E0,5.009095073E-1,-6.887505949E-2,9.529497474E-2
8.860261155E0,4.874704778E-1,-8.720101416E-2,1.049161032E-1
8.870261155E0,4.579962194E-1,-9.819658846E-2,1.061378345E-1
8.880261155E0,4.323398769E-1,-1.055269688E-1,1.096503139E-1
8.890261155E0,4.250094891E-1,-8.949175477E-2,1.047633886E-1
8.900261155E0,4.164573848E-1,-5.757404864E-2,8.659014851E-2
8.910261155E0,3.995058835E-1,-2.687807009E-2,7.330382615E-2
8.920261155E0,3.775147200E-1,-3.359758761E-3,6.597344577E-2
8.930261155E0,3.431535661E-1,2.000583708E-2,6.597344577E-2
8.940261155E0,2.942843437E-1,2.855795063E-2,8.414668590E-2
8.950261155E0,2.353358418E-1,2.015855350E-2,1.010981947E-1
8.960261155E0,1.765400618E-1,-1.527163107E-2,1.189660057E-1
8.970261155E0,1.346957833E-1,-4.581489414E-2,1.249219403E-1
8.980261155E0,1.188132912E-1,-6.047565863E-2,1.272126883E-1
8.990261155E0,1.175915599E-1,-6.918048859E-2,1.369865239E-1
9.000261155E0,1.151480973E-1,-5.574145541E-2,1.406517178E-1
9.010261155E0,9.804387391E-2,-4.092797264E-2,1.382082552E-1
9.020261155E0,6.750060618E-2,-2.244929783E-2,1.333213449E-1
9.030261155E0,1.725694351E-2,-5.039638374E-3,1.186605766E-1
9.040261155E0,-2.916881628E-2,4.886921961E-3,1.038470939E-1
9.050261155E0,-9.773843735E-2,1.618792862E-2,8.414668590E-2
9.060261155E0,-1.724167168E-1,2.519819140E-2,6.093380973E-2
9.070261155E0,-2.458732575E-1,1.191187184E-2,4.230241850E-2
9.080261155E0,-3.316998184E-1,-1.343903504E-2,1.634064503E-2
9.090261155E0,-3.843869567E-1,-2.535090782E-2,-4.581489135E-3
9.100261155E0,-4.124867618E-1,-1.053742506E-2,-2.290744707E-2
9.110261155E0,-4.541783035E-1,-1.649336144E-2,-4.489859566E-2
9.120261155E0,-4.957171381E-1,-2.474004216E-2,-7.437284291E-2
9.130261155E0,-5.117523670E-1,-2.703078650E-2,-9.514226019E-2
9.140261155E0,-5.018258095E-1,-2.580905706E-2,-1.073595658E-1
9.150261155E0,-4.541783035E-1,-2.351831272E-2,-1.059851199E-1
9.160261155E0,-4.075998366E-1,-1.145372353E-2,-9.972374886E-2
9.170261155E0,-3.388774991E-1,1.404990070E-2,-9.575312585E-2
9.180261155E0,-2.788599730E-1,1.878410578E-2,-9.560041130E-2
9.190261155E0,-2.212859392E-1,1.496619824E-2,-9.789115191E-2
9.200261155E0,-1.857030392E-1,8.704829961E-3,-1.050688252E-1
9.210261155E0,-1.675297916E-1,-2.916881628E-2,-1.197295859E-1
9.220261155E0,-1.785253733E-1,-4.123340547E-2,-1.479821056E-1
9.230261155E0,-1.882992089E-1,-4.245513305E-2,-1.650863290E-1
9.240261155E0,-1.870774776E-1,-3.375030309E-2,-1.722639948E-1
9.250261155E0,-1.588249654E-1,-2.290744707E-2,-1.708895564E-1
9.260261155E0,-1.244637966E-1,-4.581489135E-3,-1.670716405E-1
9.270261155E0,-7.910704613E-2,2.336559631E-2,-1.534798890E-1
9.280261155E0,-4.718934000E-2,5.131268129E-2,-1.325577646E-1
9.290261155E0,-3.741549700E-2,5.497787148E-2,-1.166752651E-1
9.300261155E0,-3.634648025E-2,4.138612002E-2,-9.239336848E-2
9.310261155E0,-4.734205827E-2,2.412917651E-2,-7.040221989E-2
9.320261155E0,-5.604688451E-2,1.420261711E-2,-4.978551716E-2
9.330261155E0,-6.337726861E-2,1.786780916E-2,-2.535090782E-2
9.340261155E0,-5.482515693E-2,9.162978269E-3,-4.734205548E-3
9.350261155E0,-3.649919853E-2,-5.650503561E-3,2.596177394E-3
9.360261155E0,-4.581489135E-3,-8.093964309E-3,-3.359758761E-3
9.370261155E0,1.863138936E-2,-5.650503561E-3,-1.802052557E-2
9.380261155E0,2.962696366E-2,-2.153299935E-2,-4.001167417E-2
9.390261155E0,2.962696366E-2,-5.085453019E-2,-6.688974798E-2
9.400261155E0,3.680463135E-2,-1.021672115E-1,-8.659014851E-2
9.410261155E0,4.413501546E-2,-1.241583601E-1,-1.085812971E-1
9.420261155E0,4.535674304E-2,-1.522581577E-1,-1.281289905E-1
9.430261155E0,2.825251780E-2,-1.779145002E-1,-1.514945775E-1
9.440261155E0,1.099557430E-2,-1.765400618E-1,-1.551597714E-1
9.450261155E0,-1.099557430E-2,-1.569923609E-1,-1.490511149E-1
9.460261155E0,-3.298672289E-2,-1.250746548E-1,-1.404990107E-1
9.470261155E0,-5.131268129E-2,-9.804387391E-2,-1.343903542E-1
9.480261155E0,-7.315111160E-2,-5.635231733E-2,-1.415680200E-1
9.490261155E0,-1.136209369E-1,-5.009094998E-2,-1.588249654E-1
9.500261155E0,-1.514945775E-1,-5.726861581E-2,-1.734857261E-1
9.510261155E0,-1.945605874E-1,-1.023199260E-1,-1.811215430E-1
9.520261155E0,-2.374738604E-1,-1.291979998E-1,-1.910481006E-1
9.530261155E0,-2.655736506E-1,-1.290452778E-1,-1.936442852E-1
9.540261155E0,-2.803871334E-1,-1.340849251E-1,-1.620320082E-1
9.550261155E0,-2.903137207E-1,-1.380555481E-1,-8.521570265E-2
9.560261155E0,-2.793181241E-1,-1.200350225E-1,-3.359758761E-3
9.570261155E0,-2.425135076E-1,-7.880161703E-2,6.750060618E-2
9.580261155E0,-1.702786833E-1,-3.176499158E-2,1.618792862E-1
9.590261155E0,-8.445212245E-2,1.069014147E-2,2.293798923E-1
9.600261155E0,-3.298672289E-2,4.841107130E-2,2.441933751E-1
9.610261155E0,-1.817324013E-2,7.788532227E-2,2.115120888E-1
9.620261155E0,-5.238169432E-2,6.475171447E-2,1.600466967E-1
9.630261155E0,-9.651670605E-2,2.229658142E-2,1.036943719E-1
9.640261155E0,-1.737911552E-1,-2.244929783E-2,2.138028387E-3
9.650261155E0,-2.838996351E-1,-3.756821156E-2,-8.231408894E-2
9.660261155E0,-3.672827184E-1,-5.818491429E-2,-9.117163718E-2
9.670261155E0,-4.408919811E-1,-9.605856240E-2,-5.864306539E-2
9.680261155E0,-4.544837475E-1,-1.379028261E-1,-2.748893574E-3
9.690261155E0,-4.645630121E-1,-2.032654136E-1,7.009678334E-2
9.700261155E0,-4.784601927E-1,-3.323107064E-1,1.731802970E-1
9.710261155E0,-4.728097022E-1,-4.712825418E-1,3.043636084E-1
9.720261155E0,-4.239404798E-1,-5.135849714E-1,3.897320330E-1
9.730261155E0,-3.578143120E-1,-4.747950137E-1,4.668537676E-1
9.740261155E0,-2.987131178E-1,-3.477350473E-1,4.931209683E-1
9.750261155E0,-2.764165103E-1,-2.203696370E-1,4.912883639E-1
9.760261155E0,-2.503020465E-1,-5.726861581E-2,4.419609904E-1
9.770261155E0,-2.081523389E-1,7.162395120E-2,3.694207668E-1
9.780261155E0,-1.663080603E-1,1.637118906E-1,2.991712391E-1
9.790261155E0,-1.328631938E-1,2.412917763E-1,2.008219510E-1
9.800261155E0,-1.217148975E-1,2.722931802E-1,1.046106741E-1
9.810261155E0,-1.472185254E-1,2.947424948E-1,3.023782931E-2
9.820261155E0,-2.733621895E-1,2.820670307E-1,-6.398813426E-2
9.830261155E0,-4.815145433E-1,2.353358418E-1,-1.635591686E-1
9.840261155E0,-6.629415154E-1,1.884519309E-1,-2.654209435E-1
9.850261155E0,-7.582364678E-1,2.012801021E-1,-3.327688277E-1
9.860261155E0,-7.887797356E-1,2.322815061E-1,-3.839288056E-1
9.870261155E0,-7.017314434E-1,2.822197378E-1,-3.675881624E-1
9.880261155E0,-5.497786999E-1,3.072652221E-1,-3.147483170E-1
9.890261155E0,-2.915354371E-1,3.109304011E-1,-2.163990140E-1
9.900261155E0,-8.704829961E-3,3.023782969E-1,-1.046106741E-1
9.910261155E0,1.921171248E-1,2.890919745E-1,-2.611448988E-2
9.920261155E0,3.793473244E-1,2.538145185E-1,6.459899992E-2
9.930261155E0,4.734205604E-1,1.907426715E-1,1.389718503E-1
9.940261155E0,4.903720617E-1,1.293507218E-1,1.753183305E-1
9.950261155E0,4.583016634E-1,5.955936015E-2,1.847867370E-1
9.960261155E0,4.251621962E-1,2.290744707E-2,1.563815027E-1
9.970261155E0,4.092797041E-1,3.420845419E-2,1.259909570E-1
9.980261155E0,3.923282027E-1,9.086620808E-2,7.620543987E-2
9.990261155E0,3.582724631E-1,1.401935667E-1,1.160643995E-2
1.000026116E1,3.240640163E-1,1.601994038E-1,-3.588833287E-2
1.001026116E1,2.996293902E-1,1.359175146E-1,-7.635815442E-2
1.002026116E1,2.982549667E-1,8.078692853E-2,-9.239336848E-2
1.003026116E1,3.090978265E-1,2.809980139E-2,-9.498954564E-2
